DATE,Model,Gage
10/01/2008,46.35772986,82.1
10/02/2008,63.04788237,83.3625
10/03/2008,67.33906234,126.8666667
10/04/2008,153.5552228,769.0833333
10/05/2008,382.7361846,773.7916667
10/06/2008,200.4808494,717.125
10/07/2008,150.1668172,884.1666667
10/08/2008,163.7222459,691.625
10/09/2008,134.1847997,529.4166667
10/10/2008,155.9598536,469.7083333
10/11/2008,121.4389791,384.9583333
10/12/2008,117.7958097,332.9565217
10/13/2008,121.5847935,298.375
10/14/2008,114.8729432,278.6086957
10/15/2008,108.9682649,259.3333333
10/16/2008,199.4098534,261.5652174
10/17/2008,116.109177,259.3333333
10/18/2008,114.0850116,232.3333333
10/19/2008,125.5277373,220.125
10/20/2008,141.3848921,221.5416667
10/21/2008,140.833162,249.5
10/22/2008,113.7877124,220.3333333
10/23/2008,108.218366,204
10/24/2008,104.971815,193.6666667
10/25/2008,101.8226606,186.75
10/26/2008,98.76798077,179
10/27/2008,95.80494135,171.2916667
10/28/2008,92.93079311,166.5
10/29/2008,90.14286932,163.25
10/30/2008,87.43858324,161
10/31/2008,106.8859115,167.5416667
11/01/2008,102.0754677,187.375
11/02/2008,274.2637251,343.5833333
11/03/2008,314.6980139,598.4166667
11/04/2008,441.5653752,1380.652174
11/05/2008,334.2537173,1368.333333
11/06/2008,365.6697615,3237.916667
11/07/2008,254.1748306,3687.916667
11/08/2008,246.1090812,2826.666667
11/09/2008,321.6210101,2822.5
11/10/2008,852.2785675,2388.75
11/11/2008,452.7906762,3615.833333
11/12/2008,1220.829999,11112.5
11/13/2008,1443.377413,16466.25
11/14/2008,561.7857606,5893.333333
11/15/2008,544.9321878,3532.916667
11/16/2008,528.5842222,2511.25
11/17/2008,512.7266955,1939.166667
11/18/2008,509.5036516,1580
11/19/2008,487.1644404,1335.833333
11/20/2008,625.0463656,1321.25
11/21/2008,860.9772467,1334.583333
11/22/2008,559.5932763,1218.333333
11/23/2008,508.3790049,1082.083333
11/24/2008,491.8784122,992.0833333
11/25/2008,477.1220598,933.2083333
11/26/2008,572.8972094,878.2083333
11/27/2008,464.1805013,804.2083333
11/28/2008,488.2875324,776.8333333
11/29/2008,449.8405683,724.75
11/30/2008,429.8399201,682.75
12/01/2008,421.7038134,665.7083333
12/02/2008,739.9326981,1208.166667
12/03/2008,452.2398615,1123.75
12/04/2008,427.9685183,1006.458333
12/05/2008,415.1294627,918.6666667
12/06/2008,402.6755789,843
12/07/2008,402.0631766,809.625
12/08/2008,474.3766034,810.3333333
12/09/2008,384.0269254,725.4166667
12/10/2008,378.8137175,679
12/11/2008,360.838914,645.75
12/12/2008,374.0868002,703.9166667
12/13/2008,617.9456157,992.2916667
12/14/2008,1094.793377,1003.625
12/15/2008,571.9760556,961.7083333
12/16/2008,461.3025688,877
12/17/2008,500.9613259,840
12/18/2008,1055.995757,1154.625
12/19/2008,631.0350961,1073.75
12/20/2008,580.7468849,1072.083333
12/21/2008,921.1147743,2646.666667
12/22/2008,852.4394243,3626.25
12/23/2008,626.5669109,2872.916667
12/24/2008,624.4724405,2462.916667
12/25/2008,799.9623585,2470.833333
12/26/2008,655.3376965,2152.5
12/27/2008,960.427627,6350.833333
12/28/2008,962.8913481,13445.83333
12/29/2008,840.181251,8585
12/30/2008,2419.175031,5614.166667
12/31/2008,1099.143584,4231.666667
01/01/2009,1729.154916,10846.25
01/02/2009,4173.75515,20166.66667
01/03/2009,1420.527856,7837.916667
01/04/2009,1405.022585,4692.5
01/05/2009,2297.828693,5751.25
01/06/2009,2254.768615,6701.25
01/07/2009,2798.656491,10906.66667
01/08/2009,3903.126087,14595.83333
01/09/2009,1913.805812,8163.333333
01/10/2009,1825.011966,5034.583333
01/11/2009,1888.193689,3762.5
01/12/2009,1716.867935,2896.666667
01/13/2009,1680.988038,2411.666667
01/14/2009,1627.316508,2057.916667
01/15/2009,1578.392456,1795
01/16/2009,1524.299118,1594.583333
01/17/2009,1478.698337,1435.416667
01/18/2009,1433.642992,1298.75
01/19/2009,1391.149818,1174.166667
01/20/2009,1349.496246,1067.083333
01/21/2009,1309.121498,979.5
01/22/2009,1269.393045,906.7083333
01/23/2009,1231.311253,838.9166667
01/24/2009,1253.253225,790
01/25/2009,1276.902971,778.0833333
01/26/2009,1171.513039,706.75
01/27/2009,1139.173921,721.1666667
01/28/2009,1434.725034,811.9166667
01/29/2009,1099.722222,701.5
01/30/2009,1065.115257,653.2916667
01/31/2009,1090.229499,623.75
02/01/2009,1009.634549,592.2083333
02/02/2009,979.3455126,568.9583333
02/03/2009,949.9651472,548.5416667
02/04/2009,921.4661928,528.2916667
02/05/2009,893.8669728,510.25
02/06/2009,1031.18121,567.5416667
02/07/2009,932.0842226,534.3333333
02/08/2009,847.8332491,502.2916667
02/09/2009,871.2621553,534.2083333
02/10/2009,1635.129525,540.0833333
02/11/2009,1431.440494,598.75
02/12/2009,1003.211946,624.6666667
02/13/2009,1023.138542,626.0416667
02/14/2009,901.6186299,601.9166667
02/15/2009,1211.28519,599.125
02/16/2009,892.3210268,600.5
02/17/2009,875.6440521,588.125
02/18/2009,884.3183626,574
02/19/2009,821.1132307,563.0833333
02/20/2009,796.4798337,549.8333333
02/21/2009,774.3462713,536.1666667
02/22/2009,846.6233615,572.0833333
02/23/2009,1175.150314,685.4166667
02/24/2009,1929.926356,1304.791667
02/25/2009,1805.293661,2695.833333
02/26/2009,1771.60255,2884.583333
02/27/2009,1068.650312,2191.666667
02/28/2009,1034.303515,1742.916667
03/01/2009,1046.381679,1531.25
03/02/2009,1737.631736,1967.916667
03/03/2009,1212.542625,1782.916667
03/04/2009,1170.220367,1564.583333
03/05/2009,1400.730094,1600.416667
03/06/2009,1189.073218,1625
03/07/2009,1062.026244,1509.583333
03/08/2009,1125.876425,1443.478261
03/09/2009,1583.24932,1350.416667
03/10/2009,1109.457878,1251.25
03/11/2009,1015.462591,1152.083333
03/12/2009,1092.836612,1070.833333
03/13/2009,969.4935922,1000.791667
03/14/2009,1003.563257,1106.291667
03/15/2009,3922.587973,3860.416667
03/16/2009,1875.896221,4177.5
03/17/2009,1893.65006,3312.083333
03/18/2009,1549.45808,2831.25
03/19/2009,1340.9537,2370
03/20/2009,1341.897907,2106.25
03/21/2009,1384.316431,1978.333333
03/22/2009,1395.186861,1825
03/23/2009,1721.346915,1619.166667
03/24/2009,1701.614528,1795
03/25/2009,1641.211227,2212.5
03/26/2009,1450.025685,2482.083333
03/27/2009,1266.389614,2137.916667
03/28/2009,1273.608935,2001.25
03/29/2009,1633.92662,2394.166667
03/30/2009,1241.747307,2082.083333
03/31/2009,2138.45342,1864.583333
04/01/2009,1338.742862,1766.666667
04/02/2009,1817.986857,3695.833333
04/03/2009,1438.714957,3711.25
04/04/2009,1291.15431,2927.916667
04/05/2009,1228.026821,2374.166667
04/06/2009,1752.050531,1979.583333
04/07/2009,1228.073785,1705
04/08/2009,1219.065211,1506.666667
04/09/2009,1307.451443,1406.25
04/10/2009,1178.656588,1268.75
04/11/2009,1132.575929,1145.416667
04/12/2009,1145.53465,1332.5
04/13/2009,2222.924285,2440
04/14/2009,1503.576181,1927.916667
04/15/2009,1192.959311,1660.833333
04/16/2009,1152.971882,1467.083333
04/17/2009,1250.902054,1439.166667
04/18/2009,1108.806259,1293.75
04/19/2009,1068.374307,1177.5
04/20/2009,1036.323077,1083.333333
04/21/2009,1005.233385,1002.583333
04/22/2009,975.0763836,929.9166667
04/23/2009,990.0962197,865.4583333
04/24/2009,924.5466768,807.75
04/25/2009,904.7890724,755.9583333
04/26/2009,901.0158111,726.25
04/27/2009,938.685516,685
04/28/2009,897.0650529,658
04/29/2009,989.9735363,701.25
04/30/2009,907.3573956,649.625
05/01/2009,813.3808669,592.7083333
05/02/2009,1039.869476,709.625
05/03/2009,955.7809586,797.5
05/04/2009,902.7968363,927.0416667
05/05/2009,1468.651103,2768.333333
05/06/2009,2714.475924,3605
05/07/2009,1674.034758,4177.5
05/08/2009,1143.027861,2852.083333
05/09/2009,1084.785613,2172.916667
05/10/2009,1052.242044,1762.083333
05/11/2009,1113.6523,1530.416667
05/12/2009,1239.930427,1452.916667
05/13/2009,1118.780344,1401.666667
05/14/2009,1933.054991,3553.333333
05/15/2009,1087.131394,2784.583333
05/16/2009,1050.740058,2155
05/17/2009,1019.217856,1763.75
05/18/2009,988.6413203,1495.833333
05/19/2009,1047.858718,1342.916667
05/20/2009,1025.922624,1198.333333
05/21/2009,925.6040382,1050.25
05/22/2009,897.1037653,950.2916667
05/23/2009,870.1906523,867.4583333
05/24/2009,844.0849327,798.2916667
05/25/2009,818.7623847,737.6666667
05/26/2009,794.1995132,685.75
05/27/2009,770.3735278,644.875
05/28/2009,747.262322,603.2083333
05/29/2009,724.8444523,564.9166667
05/30/2009,703.0991187,530.5416667
05/31/2009,682.0061452,502.0833333
06/01/2009,661.5459608,483.4583333
06/02/2009,641.699582,463.125
06/03/2009,623.9617421,439.7916667
06/04/2009,618.260888,430.4166667
06/05/2009,746.4463609,488.125
06/06/2009,632.248646,461.25
06/07/2009,790.2929089,442.7083333
06/08/2009,590.2882964,401.875
06/09/2009,574.7035392,377
06/10/2009,559.9587169,369.125
06/11/2009,565.275984,357.25
06/12/2009,544.2230868,348.4583333
06/13/2009,718.7731291,407.0833333
06/14/2009,570.3505059,377.75
06/15/2009,606.8929825,335.375
06/16/2009,512.8983542,314.5416667
06/17/2009,497.5114036,303.75
06/18/2009,497.9559291,293.3333333
06/19/2009,501.1668746,308.2916667
06/20/2009,486.8271376,314.375
06/21/2009,482.4861634,289.8333333
06/22/2009,442.0746767,279.1666667
06/23/2009,427.9337601,266.5
06/24/2009,415.0957473,253.3333333
06/25/2009,435.2701758,259.8333333
06/26/2009,395.0284095,251.3333333
06/27/2009,383.1775572,236.6666667
06/28/2009,371.6822305,225.7916667
06/29/2009,360.5317636,217.6666667
06/30/2009,349.7158106,211.0416667
07/01/2009,339.2243363,203.6666667
07/02/2009,329.0476062,196.5833333
07/03/2009,319.1761781,189.5833333
07/04/2009,309.6008927,185.5
07/05/2009,300.3128659,179.0833333
07/06/2009,304.6910305,180.7916667
07/07/2009,284.4216367,188
07/08/2009,283.5751146,184
07/09/2009,274.4275036,184.6666667
07/10/2009,261.4202776,178.375
07/11/2009,259.2826253,171.7916667
07/12/2009,272.0442228,177
07/13/2009,384.7815399,202.6666667
07/14/2009,258.1909092,190.9166667
07/15/2009,248.1570015,168.875
07/16/2009,240.7122915,156.9583333
07/17/2009,233.4909227,147.625
07/18/2009,226.486195,142.0416667
07/19/2009,219.6916092,135
07/20/2009,213.1008609,132.75
07/21/2009,206.7078351,128.625
07/22/2009,200.5066,127.25
07/23/2009,194.491402,126
07/24/2009,188.65666,122.75
07/25/2009,182.9969602,120
07/26/2009,177.5070514,117.5
07/27/2009,172.1818398,114.5
07/28/2009,167.0163846,110.7916667
07/29/2009,162.0058931,105.375
07/30/2009,158.3202559,101.5
07/31/2009,154.6029066,100
08/01/2009,148.3063095,99.32916667
08/02/2009,143.8571202,97.7
08/03/2009,139.5414066,96.6875
08/04/2009,135.3551644,93.15833333
08/05/2009,131.2945094,91.96666667
08/06/2009,127.466104,89.8
08/07/2009,140.2731726,96.86666667
08/08/2009,123.3548226,105.875
08/09/2009,124.158011,100.7333333
08/10/2009,115.9534102,94.81666667
08/11/2009,112.7254852,90.23333333
08/12/2009,156.2522645,114.8458333
08/13/2009,187.0378115,147.625
08/14/2009,119.9865623,111
08/15/2009,116.3869655,97.05
08/16/2009,112.8953565,91.75
08/17/2009,109.5084958,88.06666667
08/18/2009,106.2232409,83.8875
08/19/2009,103.0365437,79.39166667
08/20/2009,100.0119926,75.9
08/21/2009,96.95671005,76.4
08/22/2009,94.04800875,74.6
08/23/2009,91.22656849,73.1
08/24/2009,88.48977143,68.94166667
08/25/2009,93.23713982,67.98333333
08/26/2009,84.6758056,71.7
08/27/2009,81.85409338,69.45
08/28/2009,79.39847058,69.25833333
08/29/2009,99.79694892,81.79583333
08/30/2009,78.02097413,77.24583333
08/31/2009,75.6803449,72.8
09/01/2009,73.47845066,68.65416667
09/02/2009,71.21761909,66.45
09/03/2009,69.45936004,64.15
09/04/2009,67.06383479,62.04166667
09/05/2009,90.01504352,72.30833333
09/06/2009,127.876191,150.5625
09/07/2009,119.3368883,261.0416667
09/08/2009,145.5102682,172.2083333
09/09/2009,85.59265628,126.4583333
09/10/2009,83.02487659,108.375
09/11/2009,80.53413029,99.73333333
09/12/2009,78.11810638,94.2625
09/13/2009,76.32033624,90.99166667
09/14/2009,73.94620047,89.8
09/15/2009,71.42681277,88.825
09/16/2009,69.42390042,88.93333333
09/17/2009,85.67594655,101.35
09/18/2009,67.90613209,94.00416667
09/19/2009,70.86354276,87.95833333
09/20/2009,75.81812092,89.04166667
09/21/2009,64.32237089,82.1125
09/22/2009,62.39269976,74.8
09/23/2009,60.52091877,71.1
09/24/2009,58.70529121,69.9
09/25/2009,56.94413247,69.9
09/26/2009,55.2358085,69.13333333
09/27/2009,53.57873424,67.6
09/28/2009,51.97137221,66.92916667
09/29/2009,66.054562,73.70833333
09/30/2009,78.47789577,101.6875
10/01/2009,58.78128726,101.1458333
10/02/2009,55.35479567,87.85833333
10/03/2009,54.31808216,81.89166667
10/04/2009,57.3111599,81.26666667
10/05/2009,49.9432335,80.95416667
10/06/2009,48.4449365,75.5
10/07/2009,46.9915884,72.3
10/08/2009,45.58184075,72.3
10/09/2009,44.21438553,70.4
10/10/2009,42.88795396,69.9
10/11/2009,41.60131534,68.55833333
10/12/2009,40.35327588,64.34166667
10/13/2009,59.8545081,63.67083333
10/14/2009,146.7158075,121.1041667
10/15/2009,77.72768534,184.375
10/16/2009,59.4421914,135.9166667
10/17/2009,66.11494365,134.4166667
10/18/2009,98.60875916,309.2083333
10/19/2009,184.5123473,249.3333333
10/20/2009,78.69422877,188.625
10/21/2009,139.4431854,191.5416667
10/22/2009,111.575472,243.375
10/23/2009,99.06257974,271.2916667
10/24/2009,162.3393558,430.5833333
10/25/2009,92.63814263,287.375
10/26/2009,240.0280745,380.9166667
10/27/2009,310.8212436,698.0416667
10/28/2009,180.2767242,570.2083333
10/29/2009,230.0589245,512.3333333
10/30/2009,236.7287189,606.5416667
10/31/2009,230.1098814,1105.208333
11/01/2009,167.4558482,948.92
11/02/2009,281.569189,669.5833333
11/03/2009,170.4541484,525.5
11/04/2009,165.3405239,438.375
11/05/2009,160.820023,391.375
11/06/2009,339.1649741,729.4166667
11/07/2009,297.0256207,1009.708333
11/08/2009,470.4888951,2362.083333
11/09/2009,808.7178131,2486.25
11/10/2009,626.5347237,2587.5
11/11/2009,526.4391805,2214.166667
11/12/2009,660.8166105,2318.333333
11/13/2009,438.280111,2185.416667
11/14/2009,457.8450112,1891.666667
11/15/2009,561.0830082,1577.5
11/16/2009,559.2752528,1718.333333
11/17/2009,1187.421139,4192.5
11/18/2009,713.6543446,3419.583333
11/19/2009,954.7092521,3162.5
11/20/2009,748.2742696,3759.583333
11/21/2009,733.6248208,3524.583333
11/22/2009,916.7151307,4770
11/23/2009,1580.45415,3888.333333
11/24/2009,721.8706237,2827.083333
11/25/2009,700.425173,2181.666667
11/26/2009,720.7043932,2000.416667
11/27/2009,1089.81635,2398.75
11/28/2009,703.4421987,2086.666667
11/29/2009,683.0351015,1800.833333
11/30/2009,1021.307267,1554.166667
12/01/2009,692.3174391,1356.666667
12/02/2009,670.3231885,1195.416667
12/03/2009,650.2134929,1060
12/04/2009,630.7070881,952.5
12/05/2009,611.7858755,865.5416667
12/06/2009,593.4322992,794.8333333
12/07/2009,575.6293302,727.75
12/08/2009,558.3604503,670.7916667
12/09/2009,541.6096368,640.125
12/10/2009,525.3613477,626.7083333
12/11/2009,509.6005073,595.9583333
12/12/2009,500.4173304,569.8333333
12/13/2009,652.0069985,571.9583333
12/14/2009,572.2439603,605.9583333
12/15/2009,1498.426203,3158.125
12/16/2009,1730.402096,5406.666667
12/17/2009,1172.41812,4007.916667
12/18/2009,832.4923393,2879.166667
12/19/2009,840.7086296,2288.333333
12/20/2009,775.8822632,2011.25
12/21/2009,1862.226624,3734.583333
12/22/2009,1254.274201,3678.333333
12/23/2009,906.5633736,2842.5
12/24/2009,865.1110125,2314.583333
12/25/2009,839.1576821,1939.166667
12/26/2009,813.9829516,1656.25
12/27/2009,796.6103473,1440.416667
12/28/2009,793.3199389,1272.916667
12/29/2009,747.3780715,1166.666667
12/30/2009,1358.044275,1508.75
12/31/2009,1105.213689,3208.333333
01/01/2010,2089.968006,7453.333333
01/02/2010,1493.884193,7412.5
01/03/2010,1089.329238,4975.833333
01/04/2010,1654.065382,4160.416667
01/05/2010,1509.685085,6265.833333
01/06/2010,2094.193049,6708.333333
01/07/2010,1331.506419,4975
01/08/2010,1313.075326,3816.25
01/09/2010,1679.6659,3742.083333
01/10/2010,1186.478701,3089.166667
01/11/2010,1410.44133,2587.5
01/12/2010,1931.684371,3215.833333
01/13/2010,1925.119802,4315.833333
01/14/2010,1847.977606,4617.083333
01/15/2010,1336.566102,4230.833333
01/16/2010,2521.568813,5369.166667
01/17/2010,1701.655913,4617.5
01/18/2010,2553.620279,4693.75
01/19/2010,1639.304668,3885.833333
01/20/2010,1512.258716,3039.166667
01/21/2010,1534.001595,2457.083333
01/22/2010,1472.433716,2045
01/23/2010,1578.402662,1736.25
01/24/2010,1396.164501,1635.416667
01/25/2010,2628.093041,2296.666667
01/26/2010,1516.941495,1985.416667
01/27/2010,1427.61126,1720.416667
01/28/2010,1380.54289,1519.583333
01/29/2010,1336.096567,1359.583333
01/30/2010,1345.901807,1280
01/31/2010,1437.731636,1201.666667
02/01/2010,1317.964405,1152.5
02/02/2010,1684.985891,1226.25
02/03/2010,1502.04379,1220
02/04/2010,1571.940647,1494.583333
02/05/2010,1491.055158,1621.666667
02/06/2010,1297.788086,1536.25
02/07/2010,1407.541761,1442.083333
02/08/2010,1363.661817,1300
02/09/2010,1185.213933,1194.166667
02/10/2010,1155.360535,1157.083333
02/11/2010,1614.625641,1625
02/12/2010,1753.935485,2610.833333
02/13/2010,1651.079976,2638.75
02/14/2010,1504.970511,2458.333333
02/15/2010,1310.265861,2122.916667
02/16/2010,1400.278297,2054.166667
02/17/2010,1597.1436,1808.333333
02/18/2010,1201.570302,1620.416667
02/19/2010,1165.523193,1447.916667
02/20/2010,1130.557497,1299.583333
02/21/2010,1096.640772,1169.583333
02/22/2010,1063.741549,1060.833333
02/23/2010,1084.439702,1042.708333
02/24/2010,2046.55258,1483.333333
02/25/2010,1294.296585,1624.583333
02/26/2010,1692.779057,2415
02/27/2010,1905.457419,3105.416667
02/28/2010,1235.981817,2604.583333
03/01/2010,1639.461896,2132.5
03/02/2010,1223.664842,1807.083333
03/03/2010,1260.722664,1567.083333
03/04/2010,1249.267057,1374.166667
03/05/2010,1125.100666,1221.25
03/06/2010,1091.347646,1095.833333
03/07/2010,1058.607217,1002.333333
03/08/2010,1122.930406,946.1666667
03/09/2010,1034.025355,861.7083333
03/10/2010,1271.375893,871.375
03/11/2010,1110.651994,1048.791667
03/12/2010,2542.852329,3673.333333
03/13/2010,1717.265626,3200
03/14/2010,1716.664431,2420.869565
03/15/2010,1222.596678,1993.333333
03/16/2010,1185.918777,1701.666667
03/17/2010,1265.182012,1526.666667
03/18/2010,1130.747116,1326.25
03/19/2010,1096.824702,1183.333333
03/20/2010,1063.919961,1071.25
03/21/2010,1139.484257,1186.666667
03/22/2010,1351.006363,1257.083333
03/23/2010,1093.647949,1165.416667
03/24/2010,1010.009358,1072.083333
03/25/2010,1258.730914,1344.583333
03/26/2010,2024.329654,3058.333333
03/27/2010,1291.544438,2712.5
03/28/2010,1349.775911,2562.5
03/29/2010,2546.289792,5003.333333
03/30/2010,2472.935188,5753.75
03/31/2010,1924.586987,4557.083333
04/01/2010,1423.563982,3479.166667
04/02/2010,1601.272113,3273.75
04/03/2010,2681.450926,3480
04/04/2010,1815.300832,3443.333333
04/05/2010,1740.923734,3209.583333
04/06/2010,3189.626053,3570
04/07/2010,1841.804402,3328.75
04/08/2010,2147.151447,3095
04/09/2010,1766.830057,2605.833333
04/10/2010,1628.870223,2250.833333
04/11/2010,1806.461773,2085.416667
04/12/2010,1943.212785,1962.916667
04/13/2010,1700.357152,1847.5
04/14/2010,1542.0547,1660
04/15/2010,1853.843383,1540.416667
04/16/2010,1485.268811,1397.083333
04/17/2010,1440.710747,1310.833333
04/18/2010,1414.865029,1251.25
04/19/2010,1357.817873,1175.416667
04/20/2010,1507.827041,1148.75
04/21/2010,1434.321265,1057.5
04/22/2010,1285.665634,960.375
04/23/2010,1242.77387,881.9583333
04/24/2010,1284.000154,865.2083333
04/25/2010,1234.574796,815.25
04/26/2010,1198.453561,803.2916667
04/27/2010,2900.679227,2421.666667
04/28/2010,2004.206084,2573.333333
04/29/2010,1681.727976,2596.25
04/30/2010,1514.393059,2272.916667
05/01/2010,1372.381567,1961.25
05/02/2010,1342.556766,1703.333333
05/03/2010,1481.514362,2032.083333
05/04/2010,1599.354657,2011.25
05/05/2010,1339.287377,1812.5
05/06/2010,1292.327678,1590
05/07/2010,1210.183939,1410.416667
05/08/2010,1173.878421,1263.75
05/09/2010,1138.662068,1143.333333
05/10/2010,1206.736011,1067.083333
05/11/2010,1098.189813,960.7916667
05/12/2010,1053.97237,882
05/13/2010,1022.353198,813.0833333
05/14/2010,991.6826025,755.125
05/15/2010,961.9321244,704.25
05/16/2010,933.0741607,661.9583333
05/17/2010,909.7960552,623
05/18/2010,999.9787648,620.9583333
05/19/2010,914.5075343,624.5
05/20/2010,1390.115316,726.25
05/21/2010,1262.366775,823.8333333
05/22/2010,1241.055042,895.1666667
05/23/2010,1051.822665,817.5416667
05/24/2010,966.5691549,770.2083333
05/25/2010,1114.278809,815.875
05/26/2010,1374.998016,966.7916667
05/27/2010,1067.82779,949.2083333
05/28/2010,988.6087338,901.375
05/29/2010,915.9123002,849.5416667
05/30/2010,883.0295423,787.9166667
05/31/2010,990.7843725,805.375
06/01/2010,935.2101526,760.0416667
06/02/2010,1366.686896,3220.791667
06/03/2010,1693.103258,3947.5
06/04/2010,1887.762959,3670
06/05/2010,1179.708246,3105.833333
06/06/2010,1069.331962,2504.583333
06/07/2010,1453.270619,2134.166667
06/08/2010,1041.914019,1756.666667
06/09/2010,1149.984017,1772.5
06/10/2010,1435.687627,2024.166667
06/11/2010,1129.583749,1904.583333
06/12/2010,1008.872958,1708.75
06/13/2010,978.6067695,1492.5
06/14/2010,949.2485664,1307.083333
06/15/2010,920.7711095,1171.25
06/16/2010,932.3607939,1072.5
06/17/2010,891.8948723,995.5833333
06/18/2010,879.7770376,902.25
06/19/2010,831.3368619,826.7391304
06/20/2010,872.6694642,782.375
06/21/2010,822.9684153,731.0416667
06/22/2010,769.0439722,676.0416667
06/23/2010,745.972653,632.5833333
06/24/2010,723.5934734,592.9166667
06/25/2010,701.8856692,556.3333333
06/26/2010,680.8290991,529.6666667
06/27/2010,660.4042262,500.875
06/28/2010,640.5920994,478.75
06/29/2010,621.3743364,460.2083333
06/30/2010,602.7331063,435
07/01/2010,584.6511131,417.7083333
07/02/2010,632.7836369,482.8333333
07/03/2010,584.1405786,441.25
07/04/2010,545.6604296,395.7083333
07/05/2010,529.2906167,374.4583333
07/06/2010,513.4118982,357.6666667
07/07/2010,498.0095413,333.3333333
07/08/2010,483.069255,314.875
07/09/2010,468.5771774,305.125
07/10/2010,454.5198621,291.375
07/11/2010,440.8842662,284.3333333
07/12/2010,427.6577382,277.1666667
07/13/2010,414.8280061,271.5
07/14/2010,402.3831659,264.5
07/15/2010,390.3116709,256.3333333
07/16/2010,378.6023208,247.8333333
07/17/2010,367.2442512,240.8333333
07/18/2010,356.2269236,236.6666667
07/19/2010,345.5401159,232.6666667
07/20/2010,335.1739124,226.125
07/21/2010,325.1186951,220.5
07/22/2010,315.3651342,213.625
07/23/2010,305.9041802,206.8333333
07/24/2010,296.7270548,199.9583333
07/25/2010,287.8252431,191.75
07/26/2010,279.1904859,186.125
07/27/2010,270.8147713,181.3333333
07/28/2010,262.6903281,176.7083333
07/29/2010,254.8096183,174.6666667
07/30/2010,247.1653297,169.1666667
07/31/2010,239.7503699,167
08/01/2010,232.5578588,167
08/02/2010,225.581123,164
08/03/2010,218.8136893,159.375
08/04/2010,212.2492786,155.3333333
08/05/2010,205.8818003,151.875
08/06/2010,199.7053463,147.375
08/07/2010,193.7141859,143.25
08/08/2010,188.3253584,140
08/09/2010,182.3259558,136.25
08/10/2010,176.8561771,135
08/11/2010,171.5504918,135.375
08/12/2010,166.4039771,132.625
08/13/2010,161.4118577,125.625
08/14/2010,156.569502,119
08/15/2010,151.872417,111.7916667
08/16/2010,147.3162444,109
08/17/2010,142.8967571,107.375
08/18/2010,138.8148969,108.5
08/19/2010,134.8430253,107
08/20/2010,130.4988064,104.875
08/21/2010,126.5838422,101.625
08/22/2010,122.7863269,99.32916667
08/23/2010,119.1027371,97.7
08/24/2010,115.529655,94.6
08/25/2010,112.0637653,89.8
08/26/2010,108.7018524,85.92083333
08/27/2010,105.4407968,82.1
08/28/2010,102.2775729,79.70416667
08/29/2010,99.20924572,79.6
08/30/2010,152.0885445,96.86666667
08/31/2010,172.0789186,108.3333333
09/01/2010,196.7210151,323.1666667
09/02/2010,126.6304787,219.5416667
09/03/2010,115.8562799,135.5
09/04/2010,112.3805915,111.5
09/05/2010,109.0091738,99.91666667
09/06/2010,105.7388985,95.675
09/07/2010,106.6554548,95.3375
09/08/2010,133.9695883,104.2791667
09/09/2010,107.0976343,100.625
09/10/2010,100.1545353,97.53333333
09/11/2010,96.76419672,92.94166667
09/12/2010,93.86127082,88.5
09/13/2010,91.0454327,85.68333333
09/14/2010,88.31406972,83.6625
09/15/2010,85.66464762,89.39166667
09/16/2010,202.2031381,252.5416667
09/17/2010,118.4203858,227.5416667
09/18/2010,139.7251311,234.375
09/19/2010,318.5557429,510.7826087
09/20/2010,284.2839129,1084.227273
09/21/2010,148.200108,639
09/22/2010,143.7541047,423.8333333
09/23/2010,142.3028136,330.625
09/24/2010,148.6111811,298
09/25/2010,133.4723067,256
09/26/2010,135.7049468,257.625
09/27/2010,163.3401618,354.1666667
09/28/2010,128.0281745,288.5
09/29/2010,124.5791712,259.1666667
09/30/2010,120.518474,238
10/01/2010,116.9029198,221.1666667
10/02/2010,113.3958322,209.8333333
10/03/2010,109.9939573,198.3333333
10/04/2010,106.6941385,188.875
10/05/2010,103.9408914,179.6666667
10/06/2010,100.4536042,170.1666667
10/07/2010,97.43999609,162.625
10/08/2010,96.25405394,163.125
10/09/2010,168.5382618,265.9166667
10/10/2010,244.9632375,879.25
10/11/2010,176.9794943,717.7916667
10/12/2010,177.55405,526.4583333
10/13/2010,127.4812093,431.2083333
10/14/2010,123.656773,368.9583333
10/15/2010,119.9470698,325.25
10/16/2010,116.3486577,294.8333333
10/17/2010,112.858198,274
10/18/2010,109.4724521,257.3333333
10/19/2010,106.1882785,242.1666667
10/20/2010,103.0026302,228.7083333
10/21/2010,99.91255125,220.1666667
10/22/2010,105.5485601,234.875
10/23/2010,104.3695709,237
10/24/2010,402.8186306,1291.333333
10/25/2010,426.2250928,1815.833333
10/26/2010,588.5318853,2092.5
10/27/2010,347.9390484,1855
10/28/2010,309.073636,1497.083333
10/29/2010,321.2602008,1210
10/30/2010,265.9974322,1001.458333
10/31/2010,520.0095144,1484.166667
11/01/2010,390.1592422,2257.083333
11/02/2010,868.4128145,5547.916667
11/03/2010,356.5073631,3016.25
11/04/2010,345.798338,2058.333333
11/05/2010,335.4243879,1577.5
11/06/2010,333.5344099,1332.916667
11/07/2010,786.2149595,1971.6
11/08/2010,461.3398003,1728.333333
11/09/2010,503.7165126,1902.5
11/10/2010,881.1067817,3005
11/11/2010,441.4764355,2550.833333
11/12/2010,485.8966502,2080
11/13/2010,433.2669714,1732.5
11/14/2010,499.1349985,1552.5
11/15/2010,457.9755381,1391.666667
11/16/2010,454.5425462,1452.916667
11/17/2010,502.0574735,1573.75
11/18/2010,1359.477729,4695
11/19/2010,693.26587,3887.916667
11/20/2010,901.0513503,3792.5
11/21/2010,586.8349394,3121.25
11/22/2010,782.9805088,2793.75
11/23/2010,971.4301121,2813.333333
11/24/2010,613.3309855,2316.666667
11/25/2010,588.8891336,1952.5
11/26/2010,609.836966,2081.25
11/27/2010,874.2169933,2548.75
11/28/2010,720.9179741,2329.166667
11/29/2010,991.6492933,2057.916667
11/30/2010,993.5862032,4133.333333
12/01/2010,1795.094322,7460
12/02/2010,889.470554,4777.916667
12/03/2010,827.3573821,3341.666667
12/04/2010,764.0911688,2550.833333
12/05/2010,742.4199096,2056.25
12/06/2010,729.1022875,1746.666667
12/07/2010,743.2395942,1571.666667
12/08/2010,1249.415911,2015.833333
12/09/2010,1424.964809,3781.25
12/10/2010,1851.82804,5275
12/11/2010,1285.346248,4978.75
12/12/2010,2162.175815,6563.333333
12/13/2010,1896.254481,9498.75
12/14/2010,2021.670344,7964.166667
12/15/2010,1754.698093,6147.5
12/16/2010,1626.319803,4748.75
12/17/2010,1307.226991,3645
12/18/2010,1544.845322,3142.916667
12/19/2010,1674.568154,2730.416667
12/20/2010,1804.157513,2710.416667
12/21/2010,1679.841051,2644.583333
12/22/2010,1362.664191,2369.583333
12/23/2010,1286.560556,2064.166667
12/24/2010,1241.421585,1826.666667
12/25/2010,1479.100307,1829.166667
12/26/2010,1542.250401,1946.25
12/27/2010,2257.70294,2414.166667
12/28/2010,3006.838145,9447.083333
12/29/2010,3353.342467,9351.666667
12/30/2010,2051.423792,5666.25
12/31/2010,1689.986822,3891.25
01/01/2011,1638.277941,2947.083333
01/02/2011,1589.129603,2352.5
01/03/2011,1541.455714,1948.75
01/04/2011,1495.212043,1662.083333
01/05/2011,1453.019047,1470.416667
01/06/2011,1511.438222,1332.5
01/07/2011,1418.459699,1223.75
01/08/2011,1460.883928,1212.083333
01/09/2011,1514.590949,1182.083333
01/10/2011,1480.971893,1113.75
01/11/2011,1294.2153,1032.5
01/12/2011,1760.93668,2733.75
01/13/2011,2850.338311,7465.416667
01/14/2011,2046.417932,7266.25
01/15/2011,1823.441216,7462.5
01/16/2011,3828.33054,21970.83333
01/17/2011,3473.194165,14973.33333
01/18/2011,2116.188987,7632.916667
01/19/2011,2501.111464,5582.916667
01/20/2011,1901.450074,4113.75
01/21/2011,1918.721133,3262.916667
01/22/2011,2039.209903,2653.333333
01/23/2011,1775.435041,2197.5
01/24/2011,1722.17199,1880
01/25/2011,1677.075015,1656.25
01/26/2011,1621.232902,1460.833333
01/27/2011,1572.595915,1312.083333
01/28/2011,1525.925841,1209.583333
01/29/2011,1661.175546,1283.75
01/30/2011,1458.615486,1128.333333
01/31/2011,1455.873142,1039.583333
02/01/2011,1377.676685,964.7083333
02/02/2011,1336.346384,899.9583333
02/03/2011,1296.255993,844.5
02/04/2011,1257.368313,811.0833333
02/05/2011,1301.739748,823.0416667
02/06/2011,1239.693746,789.4166667
02/07/2011,1444.34844,886.875
02/08/2011,1429.130817,955.9583333
02/09/2011,1174.680779,898.625
02/10/2011,1130.461174,851.0416667
02/11/2011,1096.547339,810.625
02/12/2011,1063.650919,790.9166667
02/13/2011,1916.532768,1186.208333
02/14/2011,1398.851468,1193.75
02/15/2011,2328.441669,2229.583333
02/16/2011,2141.13372,2537.5
02/17/2011,1768.739604,2330.416667
02/18/2011,1449.092756,2136.25
02/19/2011,1612.293374,1910.416667
02/20/2011,1310.340239,1695.416667
02/21/2011,1356.29976,1533.333333
02/22/2011,1324.636737,1484.583333
02/23/2011,1669.519603,1464.166667
02/24/2011,1855.268434,1425.833333
02/25/2011,1506.414167,1297.916667
02/26/2011,1270.737496,1195
02/27/2011,1275.039962,1214.583333
02/28/2011,2058.430914,2864.583333
03/01/2011,3043.172346,5958.333333
03/02/2011,2253.84514,6014.166667
03/03/2011,1966.850031,4605.416667
03/04/2011,2023.518381,3792.5
03/05/2011,2237.025764,4167.083333
03/06/2011,1588.931946,3395.833333
03/07/2011,1548.780794,2727.083333
03/08/2011,1714.842517,2554.583333
03/09/2011,1908.629414,3515.416667
03/10/2011,2929.169619,7135.416667
03/11/2011,2128.470375,5171.666667
03/12/2011,1675.833624,3706.25
03/13/2011,1919.543377,3265.652174
03/14/2011,3006.837969,3733.333333
03/15/2011,2318.532213,3988.75
03/16/2011,3027.330728,4684.166667
03/17/2011,2978.777868,4724.166667
03/18/2011,2147.248599,3986.666667
03/19/2011,2080.986612,3257.083333
03/20/2011,1994.646472,2688.333333
03/21/2011,2075.277298,2342.083333
03/22/2011,1951.751045,2092.083333
03/23/2011,1852.05761,1887.083333
03/24/2011,1911.577631,1769.166667
03/25/2011,1939.660928,1642.5
03/26/2011,2235.752801,1738.333333
03/27/2011,2153.447876,2505.833333
03/28/2011,2871.622459,3285
03/29/2011,2180.168553,3725
03/30/2011,2555.806411,6593.75
03/31/2011,1949.678403,5767.5
04/01/2011,1953.975655,4580.833333
04/02/2011,1893.232417,3755.833333
04/03/2011,1847.09592,3001.666667
04/04/2011,1733.437419,2723.333333
04/05/2011,2388.58611,3635
04/06/2011,1985.804421,3543.75
04/07/2011,2148.589978,3242.916667
04/08/2011,1716.062893,2777.916667
04/09/2011,1639.277479,2362.083333
04/10/2011,1712.305936,2119.166667
04/11/2011,2062.469006,2540.833333
04/12/2011,1661.768564,2264.166667
04/13/2011,1691.750346,2055
04/14/2011,2133.61084,2436.666667
04/15/2011,2296.4252,4911.666667
04/16/2011,2795.455867,6807.5
04/17/2011,1866.436014,4705.833333
04/18/2011,1669.36624,3392.5
04/19/2011,1657.845457,2633.75
04/20/2011,1575.599567,2147.5
04/21/2011,1556.517292,1817.916667
04/22/2011,1512.75333,1566.25
04/23/2011,1444.875679,1382.5
04/24/2011,1780.511413,1329.166667
04/25/2011,2819.664604,2356.25
04/26/2011,2514.398046,3087.5
04/27/2011,1815.526405,2815.416667
04/28/2011,2028.232884,2515.833333
04/29/2011,2120.303009,2542.916667
04/30/2011,1771.204967,2423.75
05/01/2011,1596.787846,2140.416667
05/02/2011,1545.521462,1885.416667
05/03/2011,1540.858928,1666.666667
05/04/2011,1463.317645,1477.916667
05/05/2011,1433.386031,1342.083333
05/06/2011,1411.064986,1233.75
05/07/2011,1611.738127,1328.75
05/08/2011,1535.622872,1275.833333
05/09/2011,1399.546287,1161.25
05/10/2011,1290.317049,1074.166667
05/11/2011,1251.607538,1043.75
05/12/2011,1485.254251,1054.291667
05/13/2011,1212.479697,947.375
05/14/2011,1176.105306,893.2916667
05/15/2011,1179.326122,869.5416667
05/16/2011,1227.027033,877.8333333
05/17/2011,1228.472626,830.75
05/18/2011,1186.7633,804.375
05/19/2011,1059.495144,740.7916667
05/20/2011,1027.71029,698.5
05/21/2011,997.8333538,668.75
05/22/2011,967.6802478,646.125
05/23/2011,938.1590002,619.4583333
05/24/2011,960.1573133,598.25
05/25/2011,1213.21754,652.5833333
05/26/2011,1223.595127,673
05/27/2011,1382.217051,952.0416667
05/28/2011,1247.934451,999.0416667
05/29/2011,1041.825027,937.5
05/30/2011,972.8841912,877.25
05/31/2011,1297.379082,889.2083333
06/01/2011,1148.254341,828
06/02/2011,1145.0098,802.2916667
06/03/2011,1030.114248,820.0416667
06/04/2011,921.8668325,734.6666667
06/05/2011,894.2108275,689.25
06/06/2011,867.3845027,659.2083333
06/07/2011,847.5206499,644.0416667
06/08/2011,859.8369554,612.4583333
06/09/2011,798.0481123,582.75
06/10/2011,774.1066689,551.8333333
06/11/2011,750.8834688,527.9166667
06/12/2011,728.3569648,506.2083333
06/13/2011,951.438232,554.9583333
06/14/2011,745.3633873,507.0833333
06/15/2011,705.0218716,469.1666667
06/16/2011,679.4416723,448.75
06/17/2011,659.0584221,426.25
06/18/2011,640.3491658,419.9583333
06/19/2011,765.6320557,422.0833333
06/20/2011,623.9463027,399.9583333
06/21/2011,602.6967816,385.5416667
06/22/2011,584.6158781,364.7083333
06/23/2011,571.4273542,354.2083333
06/24/2011,550.6442687,341.4166667
06/25/2011,534.1249407,329.125
06/26/2011,518.1011924,313.8333333
06/27/2011,502.5581567,308.25
06/28/2011,660.6421582,337.1666667
06/29/2011,530.2805758,313.0416667
06/30/2011,520.5998166,343.0833333
07/01/2011,493.5285044,313.5
07/02/2011,463.9525066,290.6666667
07/03/2011,450.794225,277.1666667
07/04/2011,436.6352049,268
07/05/2011,423.5361488,257
07/06/2011,410.8300643,246.1666667
07/07/2011,398.5051624,237.3333333
07/08/2011,386.5500075,232.8333333
07/09/2011,374.9535073,225.75
07/10/2011,363.7049021,219.3333333
07/11/2011,354.5107662,215.1666667
07/12/2011,388.5478623,227.5
07/13/2011,405.2985639,246
07/14/2011,352.4625976,233.5
07/15/2011,329.52861,224.9583333
07/16/2011,629.4945042,286.9166667
07/17/2011,404.4732771,270.6666667
07/18/2011,488.3464172,245.1666667
07/19/2011,367.8039749,231.0416667
07/20/2011,349.0358312,214.0833333
07/21/2011,342.8724929,208.5
07/22/2011,330.7722635,211.125
07/23/2011,318.8394433,197.625
07/24/2011,309.27426,187.0833333
07/25/2011,299.9960322,179.2083333
07/26/2011,290.9961513,175.8333333
07/27/2011,282.2662667,171.75
07/28/2011,273.7982787,165.5
07/29/2011,265.5843304,162.125
07/30/2011,257.6168005,158.5
07/31/2011,249.8882964,153.5
08/01/2011,242.3916475,149.125
08/02/2011,235.1198981,146.375
08/03/2011,228.0663012,141.2083333
08/04/2011,221.2243121,138
08/05/2011,214.5875828,136.875
08/06/2011,208.1499553,133.875
08/07/2011,201.9054566,133
08/08/2011,195.8482929,132
08/09/2011,189.9728441,129
08/10/2011,184.2736588,124.375
08/11/2011,178.7454491,121.125
08/12/2011,173.3830856,118.625
08/13/2011,168.181593,116
08/14/2011,163.1361452,114.875
08/15/2011,158.2420609,114
08/16/2011,153.494799,111.4166667
08/17/2011,148.8899551,107.375
08/18/2011,144.4232564,104.125
08/19/2011,140.0905587,102.125
08/20/2011,135.887842,100
08/21/2011,131.8112067,98.65833333
08/22/2011,127.8568705,97.7
08/23/2011,132.7612985,102.7708333
08/24/2011,121.5444084,107
08/25/2011,117.8980761,97.69583333
08/26/2011,114.3611339,93.7
08/27/2011,110.9302998,90.125
08/28/2011,107.6023908,87.2
08/29/2011,104.3743191,86.65833333
08/30/2011,101.2430895,83.24583333
08/31/2011,98.20579686,81.57916667
09/01/2011,95.25962295,80.74583333
09/02/2011,92.40183426,79.6
09/03/2011,89.62977924,78.6625
09/04/2011,86.94088586,75.4
09/05/2011,84.33265928,72.3
09/06/2011,81.8026795,71.7
09/07/2011,79.34859912,69.9
09/08/2011,76.96814115,68.65416667
09/09/2011,74.65909691,67.6
09/10/2011,72.419324,67.21666667
09/11/2011,70.24674428,64.53333333
09/12/2011,68.13934196,63
09/13/2011,66.0951617,66.06666667
09/14/2011,64.11230685,67.6
09/15/2011,62.18893764,67.6
09/16/2011,60.32326951,67.6
09/17/2011,58.51357143,65.20416667
09/18/2011,58.23990598,65.0125
09/19/2011,77.55490404,71.93333333
09/20/2011,56.95921656,73.3
09/21/2011,55.1648562,66.45
09/22/2011,53.50991051,62.425
09/23/2011,51.90461319,61.17916667
09/24/2011,50.3474748,61.29166667
09/25/2011,56.13154348,59.24166667
09/26/2011,99.98601632,91.85
09/27/2011,103.7272952,135.8083333
09/28/2011,80.17045497,140
09/29/2011,61.1826737,89.84166667
09/30/2011,59.34719349,75.11666667
10/01/2011,57.56677769,70
10/02/2011,111.2130132,74.0375
10/03/2011,182.126072,114.875
10/04/2011,122.4563536,148.2083333
10/05/2011,229.3909729,244.2083333
10/06/2011,136.9121623,214.125
10/07/2011,107.9598092,158.3333333
10/08/2011,114.5362626,169.125
10/09/2011,118.331639,154
10/10/2011,154.2471313,211.25
10/11/2011,310.800683,518.5
10/12/2011,263.1257057,577.2083333
10/13/2011,146.5373796,400.7916667
10/14/2011,155.672579,309.4166667
10/15/2011,164.7122129,259.1666667
10/16/2011,146.4738079,223.25
10/17/2011,135.9371683,197
10/18/2011,131.8590533,176.75
10/19/2011,127.9032817,163.125
10/20/2011,124.0993037,156.5416667
10/21/2011,120.3489763,151.75
10/22/2011,117.0559932,160.0416667
10/23/2011,113.6395808,171.5833333
10/24/2011,109.9353446,155.5416667
10/25/2011,106.6372842,144.6666667
10/26/2011,103.4381657,135
10/27/2011,100.3350207,130.625
10/28/2011,97.32497011,129.4583333
10/29/2011,194.7457972,324.375
10/30/2011,125.3289038,338.5
10/31/2011,182.9398225,506.7083333
11/01/2011,118.0262021,388.3333333
11/02/2011,112.1361036,332.7916667
11/03/2011,235.5872172,471
11/04/2011,146.028684,423.2083333
11/05/2011,147.5771751,398.125
11/06/2011,264.9600494,470
11/07/2011,143.1999293,417.25
11/08/2011,154.7454035,381.2083333
11/09/2011,140.8143631,358.625
11/10/2011,131.2821725,328.9166667
11/11/2011,127.3437073,303.2916667
11/12/2011,171.6744362,320.0416667
11/13/2011,232.9702541,602.9583333
11/14/2011,154.3873361,537.4583333
11/15/2011,175.9133393,510.25
11/16/2011,154.424894,607.25
11/17/2011,566.0405716,3416.25
11/18/2011,620.1117599,2691.666667
11/19/2011,453.130985,2127.916667
11/20/2011,289.244243,1581.25
11/21/2011,306.4804129,1650.416667
11/22/2011,1012.624431,6926.25
11/23/2011,1625.541425,7409.583333
11/24/2011,866.1177375,5182.5
11/25/2011,1122.471434,5036.25
11/26/2011,623.7846059,3408.333333
11/27/2011,610.0169584,2670
11/28/2011,877.3676509,2395.416667
11/29/2011,610.5567389,1971.666667
11/30/2011,689.2653466,1832.916667
12/01/2011,585.5554223,1563.75
12/02/2011,567.9887596,1390.416667
12/03/2011,550.9490968,1242.916667
12/04/2011,534.4206239,1119.166667
12/05/2011,518.3880052,1015.333333
12/06/2011,502.836365,933.0416667
12/07/2011,487.7512741,854.5833333
12/08/2011,473.1187359,796.6666667
12/09/2011,458.9251738,744.75
12/10/2011,445.1574186,699
12/11/2011,432.4982765,661.5
12/12/2011,418.9445186,623.4166667
12/13/2011,406.376183,590.6666667
12/14/2011,394.1848975,561.5
12/15/2011,493.3182614,579.75
12/16/2011,426.3510534,554.625
12/17/2011,380.1559375,515.4166667
12/18/2011,371.042252,493.0416667
12/19/2011,365.9036574,469.1666667
12/20/2011,348.3546942,451.6666667
12/21/2011,339.1610271,435.4166667
12/22/2011,327.9404296,417.5
12/23/2011,318.1022167,404.7083333
12/24/2011,308.5591502,394.9583333
12/25/2011,299.3023757,405.5833333
12/26/2011,498.440803,444.375
12/27/2011,409.999079,751.7916667
12/28/2011,1213.699299,7961.25
12/29/2011,1826.061607,10253.75
12/30/2011,2508.288658,13750
12/31/2011,1370.18505,7544.583333
01/01/2012,896.8995143,4457.916667
01/02/2012,869.7489446,3155
01/03/2012,1049.701887,2831.666667
01/04/2012,850.0961455,2446.666667
01/05/2012,1171.649034,2808.333333
01/06/2012,899.8072896,2330.416667
01/07/2012,908.967891,2008.75
01/08/2012,811.2481145,1723.333333
01/09/2012,786.910671,1512.5
01/10/2012,990.4481621,1380.833333
01/11/2012,770.8758102,1225.416667
01/12/2012,747.7495359,1113.75
01/13/2012,725.3170498,1021.375
01/14/2012,703.5575384,972.0833333
01/15/2012,879.7463465,960.5416667
01/16/2012,905.2568429,890.2916667
01/17/2012,1121.876367,1250.416667
01/18/2012,3070.080303,12150
01/19/2012,4393.563815,32204.16667
01/20/2012,2793.466118,15925
01/21/2012,3048.717932,12284.16667
01/22/2012,2115.301803,7776.25
01/23/2012,2312.986704,5668.333333
01/24/2012,1923.113694,6053.333333
01/25/2012,3483.26821,9158.333333
01/26/2012,2100.642279,5823.75
01/27/2012,1952.226129,4124.583333
01/28/2012,1819.839202,3180.416667
01/29/2012,1770.421044,3029.166667
01/30/2012,2681.672297,4638.75
01/31/2012,1808.990724,3606.666667
02/01/2012,1980.58621,3077.916667
02/02/2012,1793.931207,2533.333333
02/03/2012,1674.380407,2170
02/04/2012,1624.148995,1882.5
02/05/2012,1575.424525,1656.666667
02/06/2012,1528.161789,1478.75
02/07/2012,1482.316935,1339.166667
02/08/2012,1569.039698,1340.416667
02/09/2012,2221.924231,1482.083333
02/10/2012,1603.686618,1363.333333
02/11/2012,1656.000214,1332.5
02/12/2012,1430.753795,1260
02/13/2012,1748.969191,1267.083333
02/14/2012,1449.710789,1226.666667
02/15/2012,1680.265285,1192.5
02/16/2012,1369.20666,1141.666667
02/17/2012,1449.54691,1228.333333
02/18/2012,1781.458542,1750.416667
02/19/2012,1679.310339,1796.25
02/20/2012,1550.316689,1873.333333
02/21/2012,1720.392787,2762.083333
02/22/2012,1832.733441,6197.916667
02/23/2012,1979.089273,5420.833333
02/24/2012,1398.552249,3653.333333
02/25/2012,2256.400648,3450
02/26/2012,1890.167765,2896.666667
02/27/2012,1541.112751,2495.416667
02/28/2012,1417.282699,2205.833333
02/29/2012,2358.221192,2287.5
03/01/2012,2724.675346,2365.416667
03/02/2012,1730.174861,2253.333333
03/03/2012,1580.391823,2233.75
03/04/2012,1508.768303,2220
03/05/2012,1479.56584,2466.25
03/06/2012,2096.288854,2813.333333
03/07/2012,1521.306989,2369.166667
03/08/2012,1428.336533,2035.833333
03/09/2012,1385.486437,1807.083333
03/10/2012,1367.286556,1811.25
03/11/2012,1873.497577,2498.26087
03/12/2012,1850.545115,2908.333333
03/13/2012,3507.328579,4403.333333
03/14/2012,2054.412169,4032.916667
03/15/2012,3479.76462,13760
03/16/2012,3561.922661,10056.25
03/17/2012,2529.167728,6272.5
03/18/2012,2247.672988,4571.666667
03/19/2012,2042.946369,3502.916667
03/20/2012,2289.743564,3483.75
03/21/2012,3131.89219,3958.333333
03/22/2012,2923.948611,3566.666667
03/23/2012,2187.300975,3106.25
03/24/2012,2013.259308,2687.916667
03/25/2012,1954.909153,2353.333333
03/26/2012,2169.005603,2159.166667
03/27/2012,2042.291672,2022.083333
03/28/2012,2366.670378,2368.333333
03/29/2012,3115.641585,6158.333333
03/30/2012,5188.548681,14820.83333
03/31/2012,4202.265429,9450.416667
04/01/2012,3253.194354,6998.75
04/02/2012,3182.451966,5431.666667
04/03/2012,2590.070848,4237.916667
04/04/2012,2741.61188,3437.5
04/05/2012,2906.636169,2965.416667
04/06/2012,2518.899762,2510
04/07/2012,2360.126097,2178.333333
04/08/2012,2275.990792,1911.666667
04/09/2012,2207.711068,1713.333333
04/10/2012,2144.476063,1558.75
04/11/2012,2130.344631,1453.333333
04/12/2012,2172.619762,1397.916667
04/13/2012,2290.866026,1395.833333
04/14/2012,1976.206647,1252.5
04/15/2012,1903.668027,1150
04/16/2012,2382.577425,1991.666667
04/17/2012,2252.367263,2000.416667
04/18/2012,2106.751864,1943.333333
04/19/2012,1908.753181,1992.5
04/20/2012,2371.437735,3090.416667
04/21/2012,1837.311167,2814.166667
04/22/2012,1756.204021,2326.666667
04/23/2012,1703.517901,1975
04/24/2012,1653.170086,1730
04/25/2012,1650.490208,1687.5
04/26/2012,2074.474348,1858.75
04/27/2012,2008.474656,1831.25
04/28/2012,1646.778657,1639.565217
04/29/2012,1547.304536,1480.416667
04/30/2012,1715.67047,1544.583333
05/01/2012,1740.951947,1610
05/02/2012,1656.727614,1666.666667
05/03/2012,2469.547689,3209.166667
05/04/2012,2383.138091,4388.333333
05/05/2012,1742.769323,3460.833333
05/06/2012,1570.875028,2731.25
05/07/2012,1523.748777,2214.166667
05/08/2012,1478.036314,1845
05/09/2012,1433.695224,1578.333333
05/10/2012,1390.684368,1379.166667
05/11/2012,1348.963837,1227.5
05/12/2012,1308.494922,1100.416667
05/13/2012,1269.240074,995.0416667
05/14/2012,1231.162872,912.25
05/15/2012,1194.227986,844.25
05/16/2012,1158.401146,779.9166667
05/17/2012,1123.649112,722
05/18/2012,1089.939638,680
05/19/2012,1057.241449,643.2083333
05/20/2012,1030.545477,621.5
05/21/2012,1132.729848,713.7916667
05/22/2012,1418.135703,903.0416667
05/23/2012,1515.127087,1048.333333
05/24/2012,1187.353173,1252.083333
05/25/2012,1317.461471,1208.333333
05/26/2012,1108.560468,1036.826087
05/27/2012,1017.226707,934.6666667
05/28/2012,993.6861631,860.7083333
05/29/2012,958.0212862,783.0416667
05/30/2012,929.2806476,723.8333333
05/31/2012,901.4022282,674.5
06/01/2012,874.3601613,642.9583333
06/02/2012,914.8960273,625.375
06/03/2012,834.3918601,585.75
06/04/2012,948.6556346,582.6666667
06/05/2012,1154.23075,625.2083333
06/06/2012,889.8691631,566.4166667
06/07/2012,1036.587425,744
06/08/2012,1296.824198,990.625
06/09/2012,1182.649436,1135
06/10/2012,871.0463936,985.0833333
06/11/2012,844.9150018,865.6666667
06/12/2012,875.6826517,806.25
06/13/2012,835.4100491,758.375
06/14/2012,782.6979271,686
06/15/2012,759.2169893,636.25
06/16/2012,736.4404796,592.9166667
06/17/2012,724.1010707,565.4583333
06/18/2012,743.9239171,579.7083333
06/19/2012,774.6402008,580.1666667
06/20/2012,705.2059819,546
06/21/2012,656.4441799,502.2083333
06/22/2012,654.1293441,489.2916667
06/23/2012,942.7681978,531.0833333
06/24/2012,723.3034482,491.2083333
06/25/2012,773.1504821,524.4166667
06/26/2012,846.2303811,512.7083333
06/27/2012,695.8495943,478.3333333
06/28/2012,631.8603923,445.4166667
06/29/2012,629.2103577,434.7916667
06/30/2012,600.9587177,426.0416667
07/01/2012,709.6933868,429.7916667
07/02/2012,579.5210344,404.25
07/03/2012,681.1140953,422.5833333
07/04/2012,573.2070296,400.5
07/05/2012,546.0626607,376.375
07/06/2012,529.6807809,356.6666667
07/07/2012,513.7903574,340.8333333
07/08/2012,498.3766467,328.0833333
07/09/2012,483.4253473,315.5833333
07/10/2012,468.9225869,305.125
07/11/2012,454.8549093,294.2916667
07/12/2012,441.209262,288
07/13/2012,427.9729841,281.8333333
07/14/2012,415.1337946,273
07/15/2012,406.8858627,268.5
07/16/2012,408.0588936,268
07/17/2012,396.9666782,261.3333333
07/18/2012,385.0306042,260
07/19/2012,363.895825,257.1666667
07/20/2012,389.2157241,249.1666667
07/21/2012,346.9828169,247.5
07/22/2012,336.350136,234.3333333
07/23/2012,326.2596319,227.3333333
07/24/2012,316.4718429,218.6666667
07/25/2012,306.9776877,211.7083333
07/26/2012,297.768357,210
07/27/2012,288.8353063,203.6666667
07/28/2012,280.1702471,200
07/29/2012,271.7651397,196.6666667
07/30/2012,263.6121855,193
07/31/2012,255.70382,188.6666667
08/01/2012,261.8653766,181.9583333
08/02/2012,242.5204626,176.9583333
08/03/2012,235.2448487,172.625
08/04/2012,228.1875032,168.0416667
08/05/2012,221.3418781,159.5
08/06/2012,214.7016218,155.6666667
08/07/2012,208.2605731,154
08/08/2012,202.0127559,152.375
08/09/2012,195.9523733,151
08/10/2012,190.0738021,149.125
08/11/2012,184.371588,146.875
08/12/2012,178.8404404,143.375
08/13/2012,173.4752271,136.25
08/14/2012,168.2709703,130.375
08/15/2012,163.2228412,127.625
08/16/2012,158.326156,124.75
08/17/2012,153.5763713,123
08/18/2012,148.9690802,122
08/19/2012,144.5000078,120
08/20/2012,140.1650075,118.875
08/21/2012,135.9600573,115.5
08/22/2012,131.8812556,112.5
08/23/2012,127.9248179,110
08/24/2012,124.0870734,107.25
08/25/2012,120.3644612,104.5
08/26/2012,116.7535273,103.625
08/27/2012,123.7183877,110.7083333
08/28/2012,111.3544954,109
08/29/2012,108.0138605,104.375
08/30/2012,104.7734447,101.5
08/31/2012,101.6302414,98.85
09/01/2012,98.58133412,96.35
09/02/2012,95.6238941,94.35
09/03/2012,92.75517727,92.4
09/04/2012,89.97252195,91.53333333
09/05/2012,87.2733463,89.69166667
09/06/2012,84.65514591,87.2
09/07/2012,82.11549153,85.79166667
09/08/2012,79.65202678,84.6
09/09/2012,77.26246598,85.9
09/10/2012,84.683826,92.4
09/11/2012,74.10820988,91.425
09/12/2012,71.88496359,84.81666667
09/13/2012,69.72841468,79.9125
09/14/2012,67.63656224,75.7
09/15/2012,65.60746537,74.7
09/16/2012,63.63924141,73.9
09/17/2012,61.73006417,72.3
09/18/2012,59.87816224,70.8
09/19/2012,58.08181737,69.9
09/20/2012,56.33936285,70.4
09/21/2012,55.00583361,74
09/22/2012,53.06175954,77.1
09/23/2012,54.83914844,76.1
09/24/2012,50.41808312,73.4
09/25/2012,48.90554063,71.2
09/26/2012,47.43837441,68.75
09/27/2012,46.01522318,66.7375
09/28/2012,44.63476648,65.3
09/29/2012,43.29572349,64.24583333
09/30/2012,41.99685178,62.52083333
10/01/2012,40.73694623,60.7
10/02/2012,39.51483784,59.6
10/03/2012,38.32939271,57.7125
10/04/2012,37.17951093,54.325
10/05/2012,36.0641256,52.1
10/06/2012,34.98220183,52.1
10/07/2012,33.93273578,52.1
10/08/2012,32.9147537,52.1
10/09/2012,31.92731109,52.1875
10/10/2012,30.96949176,54.2
10/11/2012,30.04040701,54.56666667
10/12/2012,30.92926513,75.10416667
10/13/2012,176.5536773,249.4166667
10/14/2012,66.79284804,179.375
10/15/2012,276.2067067,1243.458333
10/16/2012,479.9828072,3195
10/17/2012,154.5417233,1063.166667
10/18/2012,135.7963752,652.7083333
10/19/2012,174.2129069,571.875
10/20/2012,266.7038106,672.4166667
10/21/2012,263.2066152,642.5833333
10/22/2012,289.7469433,620.4583333
10/23/2012,264.2899816,636.7916667
10/24/2012,334.1987788,891.0416667
10/25/2012,280.5183994,958.8333333
10/26/2012,211.1863373,805.4583333
10/27/2012,243.6316086,1199.583333
10/28/2012,789.7024215,4564.166667
10/29/2012,1069.439521,10417.5
10/30/2012,502.7700909,6005
10/31/2012,764.111689,5709.166667
11/01/2012,984.2260621,7062.083333
11/02/2012,807.1309772,6099.166667
11/03/2012,772.8181888,4387.5
11/04/2012,580.4547238,3406.8
11/05/2012,534.1752757,2689.583333
11/06/2012,525.0510699,2196.25
11/07/2012,509.2482244,1828.333333
11/08/2012,529.517489,1586.25
11/09/2012,506.9787197,1374.583333
11/10/2012,521.5998585,1211.666667
11/11/2012,493.8512808,1102.916667
11/12/2012,890.266626,1914.166667
11/13/2012,723.0619917,1912.083333
11/14/2012,522.3688731,1656.666667
11/15/2012,500.5802094,1441.666667
11/16/2012,485.5628031,1288.75
11/17/2012,559.0208638,1250.833333
11/18/2012,1212.993098,1902.916667
11/19/2012,2269.467655,12903.33333
11/20/2012,3029.406045,11660
11/21/2012,1944.30999,7208.75
11/22/2012,1371.040605,5120.416667
11/23/2012,1159.103489,4015.416667
11/24/2012,2067.460898,5345.833333
11/25/2012,1216.410245,3972.083333
11/26/2012,1169.629533,3044.166667
11/27/2012,1134.540647,2420.416667
11/28/2012,1105.100508,2007.5
11/29/2012,1192.26343,1799.583333
11/30/2012,1714.274626,1797.5
12/01/2012,2408.464956,3171.25
12/02/2012,2470.657451,4342.5
12/03/2012,1951.269774,5169.166667
12/04/2012,2806.309567,8640.416667
12/05/2012,2379.268954,9218.75
12/06/2012,1647.881024,5511.666667
12/07/2012,1754.065171,4123.333333
12/08/2012,1759.509917,3391.666667
12/09/2012,1611.918874,2877.916667
12/10/2012,1563.421848,2511.25
12/11/2012,1474.867005,2289.583333
12/12/2012,1823.014414,2368.333333
12/13/2012,1498.655584,2146.25
12/14/2012,1536.849796,2019.583333
12/15/2012,1502.72973,1946.25
12/16/2012,2104.142547,2683.75
12/17/2012,3700.51535,6672.083333
12/18/2012,2410.774406,4830.833333
12/19/2012,2160.949146,3870.416667
12/20/2012,3728.846349,7313.75
12/21/2012,2995.893174,5728.333333
12/22/2012,2475.786617,5055.416667
12/23/2012,2589.709468,4518.75
12/24/2012,2749.204463,3980.833333
12/25/2012,2422.577401,3761.25
12/26/2012,2874.026333,4282.916667
12/27/2012,2408.701678,4114.166667
12/28/2012,2127.21381,3457.5
12/29/2012,2033.853697,2825
12/30/2012,1952.427407,2347.5
12/31/2012,1893.854585,1988.75
01/01/2013,1837.27796,1719.583333
01/02/2013,1781.958323,1508.333333
01/03/2013,1729.470463,1351.666667
01/04/2013,1788.397586,1429.166667
01/05/2013,1660.050537,1314.583333
01/06/2013,1654.761167,1248.75
01/07/2013,1896.430276,1950
01/08/2013,2140.791281,2988.75
01/09/2013,2029.652703,3882.916667
01/10/2013,2415.725726,3439.166667
01/11/2013,1834.718795,2840.416667
01/12/2013,1622.004893,2359.166667
01/13/2013,1573.344746,2010.833333
01/14/2013,1526.144404,1745.833333
01/15/2013,1508.527296,1550.416667
01/16/2013,1439.540705,1389.583333
01/17/2013,1396.354484,1265
01/18/2013,1354.46385,1167.916667
01/19/2013,1313.829934,1093.333333
01/20/2013,1274.415036,1032.5
01/21/2013,1236.182585,978.7083333
01/22/2013,1199.097108,925.6666667
01/23/2013,1163.124194,915.9166667
01/24/2013,1625.258341,922.9166667
01/25/2013,1389.910153,1077.833333
01/26/2013,1470.252916,1297.083333
01/27/2013,1736.104867,1463.75
01/28/2013,1714.527922,2011.25
01/29/2013,1663.54286,2782.083333
01/30/2013,1430.983264,2821.25
01/31/2013,1298.296931,2626.666667
02/01/2013,1204.070384,2270.416667
02/02/2013,1167.948273,1942.083333
02/03/2013,1132.909824,1686.25
02/04/2013,1098.92253,1489.166667
02/05/2013,1133.203,1437.5
02/06/2013,1484.79652,1655
02/07/2013,1303.947011,1884.583333
02/08/2013,1236.761136,1735.416667
02/09/2013,1059.128092,1564.583333
02/10/2013,1048.556258,1425
02/11/2013,996.7808783,1299.583333
02/12/2013,1025.791004,1251.25
02/13/2013,985.1000677,1242.083333
02/14/2013,928.3545713,1181.666667
02/15/2013,895.2337106,1109.583333
02/16/2013,868.634486,1053.75
02/17/2013,868.6926093,1001.75
02/18/2013,820.5502029,942.75
02/19/2013,987.081487,970.7916667
02/20/2013,939.3711115,904.875
02/21/2013,1042.096543,1058.291667
02/22/2013,1169.272914,1891.666667
02/23/2013,2143.680761,3095
02/24/2013,1135.692903,2429.166667
02/25/2013,1427.726481,2401.25
02/26/2013,1463.969071,2190.833333
02/27/2013,1042.90184,1965.416667
02/28/2013,1220.802897,2712.916667
03/01/2013,1361.489866,4137.083333
03/02/2013,1010.451557,3390
03/03/2013,1015.701082,2669.166667
03/04/2013,954.7380309,2171.25
03/05/2013,1045.754847,1899.166667
03/06/2013,1673.323784,1842.916667
03/07/2013,1267.687274,1765.833333
03/08/2013,1015.323858,1591.25
03/09/2013,963.52309,1437.5
03/10/2013,934.6173973,1309.565217
03/11/2013,910.4797883,1207.5
03/12/2013,879.8799092,1119.583333
03/13/2013,853.4835119,1039.583333
03/14/2013,827.8790066,974.875
03/15/2013,818.2487467,994
03/16/2013,789.418312,975.0833333
03/17/2013,1151.251856,1097.5
03/18/2013,904.7130407,985.75
03/19/2013,777.753524,938.375
03/20/2013,1826.530498,2295.833333
03/21/2013,1696.963686,2580
03/22/2013,1293.335682,2081.666667
03/23/2013,1022.820565,1761.25
03/24/2013,943.2688004,1540.833333
03/25/2013,914.9707363,1378.333333
03/26/2013,896.6058617,1248.75
03/27/2013,886.7107789,1159.166667
03/28/2013,959.5466666,1085
03/29/2013,875.6694145,1000
03/30/2013,810.6310917,933.25
03/31/2013,786.3121589,875.625
04/01/2013,766.7316614,825.2083333
04/02/2013,745.7919453,779.7916667
04/03/2013,718.8465347,733.75
04/04/2013,746.8019292,731.5833333
04/05/2013,1130.309398,1106.208333
04/06/2013,1577.782269,2417.083333
04/07/2013,1812.986858,4017.916667
04/08/2013,1553.486006,3872.5
04/09/2013,1047.502214,2727.5
04/10/2013,964.3942073,2248.333333
04/11/2013,1072.633749,1918.75
04/12/2013,924.9278344,1653.75
04/13/2013,960.1188864,1517.5
04/14/2013,992.5290931,1423.333333
04/15/2013,1139.689637,1327.083333
04/16/2013,964.1504959,1213.333333
04/17/2013,902.8276431,1132.083333
04/18/2013,837.1230621,1042.916667
04/19/2013,939.9962652,1162.833333
04/20/2013,1114.777725,1196.25
04/21/2013,844.8003487,1120.833333
04/22/2013,798.832084,1055.416667
04/23/2013,774.8671215,980.5416667
04/24/2013,751.6211078,911.6666667
04/25/2013,729.0724746,844.8333333
04/26/2013,707.2003004,786.875
04/27/2013,685.9842914,734.2916667
04/28/2013,805.6627928,697
04/29/2013,746.6827487,710
04/30/2013,679.4875529,645.375
05/01/2013,638.38016,604.9583333
05/02/2013,619.1423393,571.4583333
05/03/2013,600.5680692,540.875
05/04/2013,582.5510271,512.5416667
05/05/2013,565.0744963,483.1666667
05/06/2013,548.1222614,462.5
05/07/2013,531.6785935,447.7083333
05/08/2013,515.7282357,433.3333333
05/09/2013,500.2563887,415.4583333
05/10/2013,485.248697,398.9166667
05/11/2013,470.6912361,382.5833333
05/12/2013,456.570499,369.0416667
05/13/2013,456.7495319,374.625
05/14/2013,469.0500946,374.6666667
05/15/2013,423.7973365,347.875
05/16/2013,524.8202836,354.2916667
05/17/2013,445.6544104,342.9583333
05/18/2013,438.3369741,334
05/19/2013,493.2778864,369.25
05/20/2013,399.594521,322.0833333
05/21/2013,428.273368,323.9583333
05/22/2013,830.4540077,479
05/23/2013,869.2699989,873.7083333
05/24/2013,888.3319209,1587.916667
05/25/2013,637.0308619,1339.583333
05/26/2013,651.5666891,1068.958333
05/27/2013,778.1589594,1582.625
05/28/2013,1013.3656,2319.583333
05/29/2013,1078.085964,2830
05/30/2013,843.4714804,2875.416667
05/31/2013,662.4330299,2224.166667
06/01/2013,626.2386158,1760.416667
06/02/2013,610.0864942,1452.916667
06/03/2013,589.5801579,1240.416667
06/04/2013,571.8927532,1074.166667
06/05/2013,554.7359706,949.75
06/06/2013,538.0938914,852.5
06/07/2013,521.9510747,772.0416667
06/08/2013,506.2925425,706.75
06/09/2013,491.1037662,651.9583333
06/10/2013,476.3706532,608.9166667
06/11/2013,462.0795336,575.5
06/12/2013,452.2502479,553.0416667
06/13/2013,493.7828823,603.8333333
06/14/2013,640.409586,547.0416667
06/15/2013,445.8500782,488.9583333
06/16/2013,432.4745758,457.5
06/17/2013,419.5003385,433.5416667
06/18/2013,416.323662,424.5833333
06/19/2013,481.165955,424.5833333
06/20/2013,433.2880007,433.3333333
06/21/2013,430.919062,402.7083333
06/22/2013,383.0532389,370.3333333
06/23/2013,400.2297053,367.9583333
06/24/2013,607.9004753,446.0833333
06/25/2013,557.9412762,525.1666667
06/26/2013,607.2680236,627.375
06/27/2013,428.2764344,571.9166667
06/28/2013,404.5976031,503.5416667
06/29/2013,392.459675,446.6666667
06/30/2013,380.6858848,408.2916667
07/01/2013,369.2653082,379.0833333
07/02/2013,358.187349,358.1666667
07/03/2013,347.4417285,337.6666667
07/04/2013,337.0184767,319.875
07/05/2013,326.9079224,307.9166667
07/06/2013,317.1006847,297.6666667
07/07/2013,307.5876642,292.25
07/08/2013,298.3600342,280
07/09/2013,289.4092332,269.3333333
07/10/2013,280.7269562,260.3333333
07/11/2013,272.3051475,249.1666667
07/12/2013,264.1359931,241
07/13/2013,256.2119133,234
07/14/2013,248.5255559,228.5
07/15/2013,241.0697892,219
07/16/2013,233.8376956,212.875
07/17/2013,226.8527077,213
07/18/2013,220.022124,207.25
07/19/2013,213.4214602,202.6666667
07/20/2013,207.0188164,194.8333333
07/21/2013,200.8082519,189.9166667
07/22/2013,194.7840044,183.9583333
07/23/2013,188.9404842,177.6666667
07/24/2013,183.2722697,171.4166667
07/25/2013,177.7741016,165.7916667
07/26/2013,172.4408786,161.125
07/27/2013,167.2676522,156.2083333
07/28/2013,162.2496227,151.75
07/29/2013,157.382134,151
07/30/2013,152.66067,151
07/31/2013,148.0808499,149
08/01/2013,154.0394201,152
08/02/2013,163.9140736,161.875
08/03/2013,140.9187961,158.2916667
08/04/2013,135.8468756,147.375
08/05/2013,131.7714693,141.125
08/06/2013,127.8183252,132.25
08/07/2013,123.9837755,127
08/08/2013,121.1653842,128.5
08/09/2013,116.7859386,126.625
08/10/2013,113.2823604,124.25
08/11/2013,114.7604732,123
08/12/2013,111.2515251,123.5
08/13/2013,104.6433247,121
08/14/2013,101.504025,115.5
08/15/2013,125.5783836,124.25
08/16/2013,106.1009207,136.5416667
08/17/2013,97.40948545,123.25
08/18/2013,94.48720088,116.125
08/19/2013,91.65258486,109.625
08/20/2013,88.90300731,103
08/21/2013,86.23591709,98.65833333
08/22/2013,83.64883958,97.7
08/23/2013,84.36416059,97.7
08/24/2013,79.17384131,97.7
08/25/2013,76.79862607,97.7
08/26/2013,87.1446408,98.84166667
08/27/2013,138.0512592,143.4166667
08/28/2013,92.32871582,140.0416667
08/29/2013,99.46045217,117.125
08/30/2013,158.3934605,192.8333333
08/31/2013,89.61964229,152.6666667
09/01/2013,86.93105302,117.5833333
09/02/2013,86.76042073,108.375
09/03/2013,93.12131713,110.125
09/04/2013,81.28111958,102.5
09/05/2013,79.75901323,106.3333333
09/06/2013,342.8170699,429
09/07/2013,121.3029573,242.5833333
09/08/2013,110.9147322,173.1666667
09/09/2013,107.5872903,145
09/10/2013,104.3596716,130.375
09/11/2013,101.2288814,120.5
09/12/2013,98.19201496,113.25
09/13/2013,95.24625451,110.375
09/14/2013,92.38886688,109
09/15/2013,91.45602246,109
09/16/2013,104.5318907,126.9583333
09/17/2013,92.8650231,147.125
09/18/2013,96.89895085,130.5
09/19/2013,84.45571658,117.2916667
09/20/2013,81.92204509,111.5416667
09/21/2013,131.6823937,143.8333333
09/22/2013,94.50554312,184.25
09/23/2013,229.0718168,579.2916667
09/24/2013,186.2865098,483.9583333
09/25/2013,221.096483,508.7916667
09/26/2013,133.9059749,401.625
09/27/2013,124.5070702,341.8333333
09/28/2013,397.9605791,3247.958333
09/29/2013,959.5718949,7196.666667
09/30/2013,1700.20267,9764.166667
10/01/2013,940.4366203,5024.583333
10/02/2013,701.0944246,3795.416667
10/03/2013,716.1895128,2749.166667
10/04/2013,535.9897992,2061.25
10/05/2013,519.9101052,1651.666667
10/06/2013,504.3128021,1372.916667
10/07/2013,528.5799321,1237.083333
10/08/2013,597.2030821,1142.083333
10/09/2013,593.1275847,1063.083333
10/10/2013,482.8864405,933.9166667
10/11/2013,471.1927134,849.25
10/12/2013,455.4758902,793.0416667
10/13/2013,504.5035203,739.75
10/14/2013,436.7713095,677.5
10/15/2013,423.6681702,630.25
10/16/2013,410.9581251,592.7083333
10/17/2013,398.6293813,560.5416667
10/18/2013,386.6704999,530.3333333
10/19/2013,375.0703849,503.375
10/20/2013,363.8182733,480.2083333
10/21/2013,352.9037251,460
10/22/2013,342.3166134,441.25
10/23/2013,332.047115,424.375
10/24/2013,322.0857015,407.9583333
10/25/2013,312.4231305,393.2916667
10/26/2013,303.0504366,379.7083333
10/27/2013,293.9589235,370.6666667
10/28/2013,305.2671057,362.3333333
10/29/2013,279.4112495,344.9583333
10/30/2013,271.0289121,333.25
10/31/2013,262.8980447,328.7916667
11/01/2013,276.6397028,327.25
11/02/2013,472.8445825,448.875
11/03/2013,555.2864957,545.2
11/04/2013,428.0052825,532.9166667
11/05/2013,483.8555224,910.0833333
11/06/2013,473.3501822,1048.75
11/07/2013,467.4752478,1431.25
11/08/2013,813.7039288,1915.416667
11/09/2013,434.8814894,1582.083333
11/10/2013,393.6210269,1288.333333
11/11/2013,381.812396,1082.083333
11/12/2013,527.9204698,1070.916667
11/13/2013,474.6016128,970.5
11/14/2013,382.6648219,879.7083333
11/15/2013,438.7390312,843.4166667
11/16/2013,589.4872751,1153
11/17/2013,534.8727085,1309.583333
11/18/2013,485.8599059,1939.166667
11/19/2013,1068.483688,6158.75
11/20/2013,750.0251022,4469.583333
11/21/2013,501.5096769,2814.166667
11/22/2013,486.4643866,2092.916667
11/23/2013,471.870455,1689.583333
11/24/2013,457.7143414,1422.916667
11/25/2013,443.9829111,1227.083333
11/26/2013,430.6634238,1081.25
11/27/2013,417.7435211,972.9583333
11/28/2013,405.2112154,882.3333333
11/29/2013,393.054879,804.875
11/30/2013,385.017593,745
12/01/2013,465.3379305,1177.583333
12/02/2013,1696.686858,6467.916667
12/03/2013,633.8795876,3725.416667
12/04/2013,540.0311707,2590
12/05/2013,523.8302355,2036.666667
12/06/2013,534.330387,1716.666667
12/07/2013,579.5346369,1455.833333
12/08/2013,494.3329547,1264.583333
12/09/2013,478.3362315,1133.333333
12/10/2013,464.697408,1032.75
12/11/2013,450.1638808,948.9583333
12/12/2013,436.6589644,892.4583333
12/13/2013,588.1083291,1001.916667
12/14/2013,458.2801562,888.4583333
12/15/2013,431.3221081,828.0833333
12/16/2013,431.8368629,787.9166667
12/17/2013,402.4395311,746.5416667
12/18/2013,393.4095788,711.75
12/19/2013,393.4982946,676.75
12/20/2013,371.1224452,680.4166667
12/21/2013,643.8817791,875.6666667
12/22/2013,419.5885943,832.0833333
12/23/2013,394.7377376,878.7916667
12/24/2013,477.1351173,975.9166667
12/25/2013,373.9743637,931.9583333
12/26/2013,362.7551328,880.0416667
12/27/2013,351.8724788,822.625
12/28/2013,341.3163044,770.5
12/29/2013,331.0768153,722.7916667
12/30/2013,321.1445108,683.5
12/31/2013,311.5101755,648.9166667
01/01/2014,302.1648702,617.5416667
01/02/2014,294.2938615,588.7916667
01/03/2014,349.1706834,587.0833333
01/04/2014,297.3805664,545.875
01/05/2014,277.9805169,517.9583333
01/06/2014,269.6411014,498.2916667
01/07/2014,347.3443807,520.4583333
01/08/2014,446.7946356,732.625
01/09/2014,855.0826269,1635.416667
01/10/2014,639.3889651,1885.833333
01/11/2014,694.8305873,2755.416667
01/12/2014,1414.945206,4783.75
01/13/2014,980.0425596,5396.666667
01/14/2014,617.1602417,3430
01/15/2014,568.0554374,2479.166667
01/16/2014,551.0137743,1954.583333
01/17/2014,534.483361,1624.166667
01/18/2014,518.4488602,1389.166667
01/19/2014,502.8953944,1219.583333
01/20/2014,487.8085326,1085
01/21/2014,473.1742766,977.375
01/22/2014,458.9790483,895.625
01/23/2014,445.2202146,823.2083333
01/24/2014,431.8548156,761.375
01/25/2014,418.8991712,709
01/26/2014,406.332196,666.125
01/27/2014,394.1422302,630.0416667
01/28/2014,503.8066246,637.25
01/29/2014,1052.536357,1543.333333
01/30/2014,799.7434706,1746.25
01/31/2014,627.0547712,1553.75
02/01/2014,560.9391063,1432.083333
02/02/2014,493.3959286,1307.5
02/03/2014,488.5027956,1187.083333
02/04/2014,490.9933051,1079.583333
02/05/2014,467.9823523,977.25
02/06/2014,451.0707315,909.1666667
02/07/2014,695.4706511,872.8333333
02/08/2014,1022.80669,924.9583333
02/09/2014,1041.807198,1398.75
02/10/2014,710.5477591,1472.083333
02/11/2014,1071.598281,4342.916667
02/12/2014,1788.356993,11471.25
02/13/2014,1447.657676,8246.25
02/14/2014,1729.417387,7683.75
02/15/2014,1313.259378,7040
02/16/2014,2264.255524,7045.416667
02/17/2014,1401.994269,6490.833333
02/18/2014,1930.714958,6564.166667
02/19/2014,2424.37908,6544.166667
02/20/2014,1706.569735,5336.25
02/21/2014,1567.57921,4465.833333
02/22/2014,1349.214909,3444.166667
02/23/2014,1278.856448,2725.833333
02/24/2014,1313.919534,2312.5
02/25/2014,1282.33195,1940
02/26/2014,1185.641128,1663.75
02/27/2014,1162.959495,1520.416667
02/28/2014,1270.304256,1390.416667
03/01/2014,1114.128895,1275.416667
03/02/2014,1223.650722,1557.916667
03/03/2014,1834.721103,4145.833333
03/04/2014,1501.204565,3795.416667
03/05/2014,1622.467531,5572.916667
03/06/2014,3376.649553,9056.25
03/07/2014,2455.262872,7749.583333
03/08/2014,1518.241026,5340.833333
03/09/2014,2893.818656,8226.521739
03/10/2014,1806.948749,6090.416667
03/11/2014,1694.384095,4200.833333
03/12/2014,1555.684822,3163.75
03/13/2014,1509.014277,2511.25
03/14/2014,1594.801324,2220
03/15/2014,1545.911783,1859.166667
03/16/2014,1409.029656,1646.666667
03/17/2014,1939.042828,1936.666667
03/18/2014,1451.380037,1717.5
03/19/2014,1364.275352,1562.5
03/20/2014,1381.527583,1427.916667
03/21/2014,1344.022742,1294.166667
03/22/2014,1259.354806,1180
03/23/2014,1221.574161,1078.75
03/24/2014,1184.926937,996.4583333
03/25/2014,1195.468965,969.9166667
03/26/2014,1570.625701,1203.75
03/27/2014,2183.00867,2210
03/28/2014,1753.825138,4358.75
03/29/2014,2665.789157,5550
03/30/2014,2131.884666,4572.916667
03/31/2014,1595.039442,3424.583333
04/01/2014,1576.184494,2682.083333
04/02/2014,1428.661934,2156.25
04/03/2014,1374.739876,1832.083333
04/04/2014,1613.210029,1817.5
04/05/2014,1405.8781,1762.083333
04/06/2014,1650.952141,2631.25
04/07/2014,1369.673351,2503.333333
04/08/2014,1276.923678,2104.166667
04/09/2014,1309.411975,1795.833333
04/10/2014,1209.715887,1555.416667
04/11/2014,1173.424411,1371.666667
04/12/2014,1138.221678,1225
04/13/2014,1104.075028,1102.083333
04/14/2014,1070.952777,999.7916667
04/15/2014,1038.824194,924.375
04/16/2014,1010.063805,860.0416667
04/17/2014,1067.621949,875.1666667
04/18/2014,1386.665138,908.2916667
04/19/2014,1005.874419,790.2916667
04/20/2014,1072.700485,777.0833333
04/21/2014,946.1695863,713.5
04/22/2014,1229.396583,761.2916667
04/23/2014,1559.348251,1801.875
04/24/2014,2892.814114,6060.833333
04/25/2014,1443.875367,3770.833333
04/26/2014,1380.004682,2556.25
04/27/2014,1493.397278,2391.25
04/28/2014,1567.850813,2204.166667
04/29/2014,1206.635665,1911.666667
04/30/2014,1170.097098,1654.583333
05/01/2014,1134.994185,1443.75
05/02/2014,1100.944359,1278.75
05/03/2014,1071.606803,1205.833333
05/04/2014,1501.552126,1783.333333
05/05/2014,1768.022316,2407.083333
05/06/2014,1187.288743,1985
05/07/2014,1100.970003,1639.583333
05/08/2014,1129.588074,1654.166667
05/09/2014,1717.49656,2773.75
05/10/2014,1765.804137,3437.916667
05/11/2014,1195.843288,2902.916667
05/12/2014,1126.363179,2315.833333
05/13/2014,1092.572284,1889.583333
05/14/2014,1059.795115,1588.333333
05/15/2014,1028.001262,1369.583333
05/16/2014,997.1612238,1209.166667
05/17/2014,967.2463871,1080.416667
05/18/2014,1022.226233,1090.833333
05/19/2014,1217.144511,1145.416667
05/20/2014,969.961789,968.7916667
05/21/2014,909.8011719,865
05/22/2014,882.5071368,798.0416667
05/23/2014,856.0319227,745.875
05/24/2014,891.0961809,709
05/25/2014,813.5395573,664.4583333
05/26/2014,793.6183676,660.1666667
05/27/2014,766.0584473,609.375
05/28/2014,795.966443,609.5
05/29/2014,838.526159,573.5833333
05/30/2014,720.8624467,533.75
05/31/2014,699.2365733,504.2083333
06/01/2014,678.2594761,479.4166667
06/02/2014,657.9116918,460.2083333
06/03/2014,638.174341,439.375
06/04/2014,619.0291108,424.1666667
06/05/2014,600.4582375,403.7083333
06/06/2014,582.4444904,383.2083333
06/07/2014,564.9711556,369.9583333
06/08/2014,548.022021,354.8333333
06/09/2014,531.5813603,344.125
06/10/2014,515.6339195,331.8333333
06/11/2014,500.164902,319.4166667
06/12/2014,485.1599549,322.5
06/13/2014,679.0561271,512.1666667
06/14/2014,525.0574951,421.5416667
06/15/2014,475.8769179,361.125
06/16/2014,536.2210687,348.875
06/17/2014,491.3586534,340.5833333
06/18/2014,448.7869163,322.4166667
06/19/2014,438.3970094,303.625
06/20/2014,432.1309541,296.3333333
06/21/2014,411.3004014,284.2916667
06/22/2014,398.9613893,273.3333333
06/23/2014,386.9925477,264.5
06/24/2014,378.1743519,256.8333333
06/25/2014,364.59152,250.8333333
06/26/2014,416.5417675,286.8333333
06/27/2014,684.8869549,543.7083333
06/28/2014,610.9413313,825.7916667
06/29/2014,441.1257411,773.0833333
06/30/2014,402.1528123,620.9166667
07/01/2014,387.5658315,518.875
07/02/2014,375.9388565,450.2083333
07/03/2014,364.6606908,406.125
07/04/2014,353.7208701,377.875
07/05/2014,343.109244,350.9166667
07/06/2014,332.8159667,328.25
07/07/2014,322.8314877,310.9166667
07/08/2014,313.146543,295
07/09/2014,303.7521468,282.8333333
07/10/2014,294.6395824,270
07/11/2014,285.8003949,260.3333333
07/12/2014,277.226383,251.3333333
07/13/2014,268.9095915,245
07/14/2014,268.9086706,247.6666667
07/15/2014,254.1527105,233.5
07/16/2014,246.5281292,218.9166667
07/17/2014,239.1322853,209.25
07/18/2014,231.9583168,200.6666667
07/19/2014,224.9995673,196
07/20/2014,218.2495803,190.5
07/21/2014,211.7020928,185.375
07/22/2014,205.3746745,180.1666667
07/23/2014,256.826911,202.75
07/24/2014,438.0115696,267.2083333
07/25/2014,236.456125,237.3333333
07/26/2014,223.2278011,194.4166667
07/27/2014,216.530967,180.0833333
07/28/2014,210.035038,170.5833333
07/29/2014,203.7339869,163
07/30/2014,197.6219673,158.75
07/31/2014,191.6933083,152.4583333
08/01/2014,190.2212095,147.125
08/02/2014,180.9762149,143.25
08/03/2014,179.0878069,140.5
08/04/2014,170.7879159,137
08/05/2014,165.6642784,133.375
08/06/2014,160.6943501,130.125
08/07/2014,155.8735196,127.125
08/08/2014,151.197314,123.25
08/09/2014,146.6613946,120
08/10/2014,142.2615527,118.375
08/11/2014,137.9937062,115.375
08/12/2014,133.853895,113
08/13/2014,151.0726853,116
08/14/2014,133.3513951,119.25
08/15/2014,128.2924698,120
08/16/2014,122.3608169,116.5
08/17/2014,118.6899924,111.3333333
08/18/2014,115.1292926,105.625
08/19/2014,111.6754138,101.5
08/20/2014,108.3251514,97.92083333
08/21/2014,105.0753968,94.13333333
08/22/2014,101.9231349,92.4
08/23/2014,98.86544089,92.4
08/24/2014,95.89947767,90.99166667
08/25/2014,93.02249334,87.95833333
08/26/2014,90.23181854,86.225
08/27/2014,87.52486398,83.24583333
08/28/2014,84.89911806,80.74583333
08/29/2014,82.35214452,79.6
08/30/2014,84.76755869,92.075
08/31/2014,101.9601967,117.3333333
09/01/2014,79.32443347,97.7875
09/02/2014,76.94470046,88.93333333
09/03/2014,74.63635945,83.675
09/04/2014,72.39726866,80.85
09/05/2014,70.2253506,77.23333333
09/06/2014,68.11859009,72.3
09/07/2014,66.07503238,70
09/08/2014,64.09278141,69.9
09/09/2014,62.16999797,69.9
09/10/2014,60.30489803,69.9
09/11/2014,58.49575109,68.84583333
09/12/2014,56.74087856,64.34166667
09/13/2014,55.0386522,63
09/14/2014,53.38749263,62.1375
09/15/2014,51.78586786,60.7
09/16/2014,50.23229182,60.7
09/17/2014,48.72532307,60.7
09/18/2014,51.02397377,63.2875
09/19/2014,48.08825888,65.3
09/20/2014,45.25597069,63.2875
09/21/2014,43.89829157,61.17916667
09/22/2014,42.58134282,60.7
09/23/2014,46.64560222,64.45833333
09/24/2014,173.7730617,229.125
09/25/2014,85.72908623,178.6666667
09/26/2014,87.2370512,134.75
09/27/2014,66.98973677,121.0833333
09/28/2014,61.93076122,100.6458333
09/29/2014,60.07283838,91.53333333
09/30/2014,89.06280401,108.2
