Date,Time,TempC
4/21/2016,14:00:00,10.88
4/21/2016,15:00:00,11.16
4/21/2016,16:00:00,11.43
4/21/2016,17:00:00,11.5
4/21/2016,18:00:00,11.44
4/21/2016,19:00:00,11.26
4/21/2016,20:00:00,10.94
4/21/2016,21:00:00,10.56
4/21/2016,22:00:00,10.2
4/21/2016,23:00:00,9.84
4/22/2016,0:00:00,9.59
4/22/2016,1:00:00,9.41
4/22/2016,2:00:00,9.27
4/22/2016,3:00:00,9.16
4/22/2016,4:00:00,9.07
4/22/2016,5:00:00,9.01
4/22/2016,6:00:00,8.96
4/22/2016,7:00:00,8.93
4/22/2016,8:00:00,8.94
4/22/2016,9:00:00,8.98
4/22/2016,10:00:00,9.07
4/22/2016,11:00:00,9.25
4/22/2016,12:00:00,9.57
4/22/2016,13:00:00,9.74
4/22/2016,14:00:00,10.14
4/22/2016,15:00:00,10.48
4/22/2016,16:00:00,10.88
4/22/2016,17:00:00,10.78
4/22/2016,18:00:00,10.63
4/22/2016,19:00:00,10.51
4/22/2016,20:00:00,10.35
4/22/2016,21:00:00,9.99
4/22/2016,22:00:00,9.59
4/22/2016,23:00:00,9.25
4/23/2016,0:00:00,9.19
4/23/2016,1:00:00,9.13
4/23/2016,2:00:00,8.99
4/23/2016,3:00:00,8.9
4/23/2016,4:00:00,8.86
4/23/2016,5:00:00,8.88
4/23/2016,6:00:00,8.89
4/23/2016,7:00:00,8.83
4/23/2016,8:00:00,8.88
4/23/2016,9:00:00,8.99
4/23/2016,10:00:00,9.17
4/23/2016,11:00:00,9.63
4/23/2016,12:00:00,9.86
4/23/2016,13:00:00,10.2
4/23/2016,14:00:00,10.56
4/23/2016,15:00:00,10.99
4/23/2016,16:00:00,11.38
4/23/2016,17:00:00,11.63
4/23/2016,18:00:00,11.68
4/23/2016,19:00:00,11.68
4/23/2016,20:00:00,11.38
4/23/2016,21:00:00,10.91
4/23/2016,22:00:00,10.42
4/23/2016,23:00:00,10.09
4/24/2016,0:00:00,9.96
4/24/2016,1:00:00,10.02
4/24/2016,2:00:00,10.16
4/24/2016,3:00:00,10.21
4/24/2016,4:00:00,10.16
4/24/2016,5:00:00,10.17
4/24/2016,6:00:00,10.2
4/24/2016,7:00:00,10.28
4/24/2016,8:00:00,10.4
4/24/2016,9:00:00,10.55
4/24/2016,10:00:00,10.83
4/24/2016,11:00:00,11.15
4/24/2016,12:00:00,11.45
4/24/2016,13:00:00,11.85
4/24/2016,14:00:00,12.02
4/24/2016,15:00:00,12.13
4/24/2016,16:00:00,12.25
4/24/2016,17:00:00,12.29
4/24/2016,18:00:00,12.19
4/24/2016,19:00:00,11.99
4/24/2016,20:00:00,11.72
4/24/2016,21:00:00,11.47
4/24/2016,22:00:00,11.18
4/24/2016,23:00:00,10.89
4/25/2016,0:00:00,10.65
4/25/2016,1:00:00,10.45
4/25/2016,2:00:00,10.28
4/25/2016,3:00:00,10.15
4/25/2016,4:00:00,10.04
4/25/2016,5:00:00,9.95
4/25/2016,6:00:00,9.84
4/25/2016,7:00:00,9.75
4/25/2016,8:00:00,9.72
4/25/2016,9:00:00,9.86
4/25/2016,10:00:00,10.08
4/25/2016,11:00:00,10.44
4/25/2016,12:00:00,10.88
4/25/2016,13:00:00,11.35
4/25/2016,14:00:00,11.79
4/25/2016,15:00:00,12.2
4/25/2016,16:00:00,12.41
4/25/2016,17:00:00,12.46
4/25/2016,18:00:00,12.41
4/25/2016,19:00:00,12.15
4/25/2016,20:00:00,11.62
4/25/2016,21:00:00,10.96
4/25/2016,22:00:00,10.36
4/25/2016,23:00:00,9.88
4/26/2016,0:00:00,9.51
4/26/2016,1:00:00,9.2
4/26/2016,2:00:00,9.02
4/26/2016,3:00:00,8.98
4/26/2016,4:00:00,9.02
4/26/2016,5:00:00,9.02
4/26/2016,6:00:00,8.97
4/26/2016,7:00:00,8.89
4/26/2016,8:00:00,8.85
4/26/2016,9:00:00,9.02
4/26/2016,10:00:00,9.31
4/26/2016,11:00:00,9.84
4/26/2016,12:00:00,10.43
4/26/2016,13:00:00,11
4/26/2016,14:00:00,11.52
4/26/2016,15:00:00,11.85
4/26/2016,16:00:00,12.06
4/26/2016,17:00:00,12.11
4/26/2016,18:00:00,11.97
4/26/2016,19:00:00,11.7
4/26/2016,20:00:00,11.31
4/26/2016,21:00:00,10.89
4/26/2016,22:00:00,10.47
4/26/2016,23:00:00,10.15
4/27/2016,0:00:00,9.95
4/27/2016,1:00:00,9.83
4/27/2016,2:00:00,9.72
4/27/2016,3:00:00,9.61
4/27/2016,4:00:00,9.51
4/27/2016,5:00:00,9.47
4/27/2016,6:00:00,9.46
4/27/2016,7:00:00,9.49
4/27/2016,8:00:00,9.56
4/27/2016,9:00:00,9.67
4/27/2016,10:00:00,9.83
4/27/2016,11:00:00,10.13
4/27/2016,12:00:00,10.57
4/27/2016,13:00:00,10.88
4/27/2016,14:00:00,11.32
4/27/2016,15:00:00,11.82
4/27/2016,16:00:00,12.05
4/27/2016,17:00:00,12.31
4/27/2016,18:00:00,12.43
4/27/2016,19:00:00,12.27
4/27/2016,20:00:00,12.02
4/27/2016,21:00:00,11.7
4/27/2016,22:00:00,11.21
4/27/2016,23:00:00,10.8
4/28/2016,0:00:00,10.43
4/28/2016,1:00:00,10.11
4/28/2016,2:00:00,9.87
4/28/2016,3:00:00,9.74
4/28/2016,4:00:00,9.66
4/28/2016,5:00:00,9.63
4/28/2016,6:00:00,9.65
4/28/2016,7:00:00,9.71
4/28/2016,8:00:00,9.8
4/28/2016,9:00:00,9.95
4/28/2016,10:00:00,10.1
4/28/2016,11:00:00,10.31
4/28/2016,12:00:00,10.7
4/28/2016,13:00:00,11.01
4/28/2016,14:00:00,11.34
4/28/2016,15:00:00,11.73
4/28/2016,16:00:00,11.93
4/28/2016,17:00:00,12.16
4/28/2016,18:00:00,12.35
4/28/2016,19:00:00,12.26
4/28/2016,20:00:00,12.05
4/28/2016,21:00:00,11.82
4/28/2016,22:00:00,11.44
4/28/2016,23:00:00,11.02
4/29/2016,0:00:00,10.64
4/29/2016,1:00:00,10.37
4/29/2016,2:00:00,10.22
4/29/2016,3:00:00,10.16
4/29/2016,4:00:00,10.15
4/29/2016,5:00:00,10.15
4/29/2016,6:00:00,10.12
4/29/2016,7:00:00,10.09
4/29/2016,8:00:00,10.13
4/29/2016,9:00:00,10.19
4/29/2016,10:00:00,10.33
4/29/2016,11:00:00,10.47
4/29/2016,12:00:00,10.65
4/29/2016,13:00:00,10.86
4/29/2016,14:00:00,11.08
4/29/2016,15:00:00,11.28
4/29/2016,16:00:00,11.56
4/29/2016,17:00:00,11.67
4/29/2016,18:00:00,11.62
4/29/2016,19:00:00,11.51
4/29/2016,20:00:00,11.41
4/29/2016,21:00:00,11.19
4/29/2016,22:00:00,10.94
4/29/2016,23:00:00,10.66
4/30/2016,0:00:00,10.38
4/30/2016,1:00:00,10.14
4/30/2016,2:00:00,9.95
4/30/2016,3:00:00,9.8
4/30/2016,4:00:00,9.72
4/30/2016,5:00:00,9.67
4/30/2016,6:00:00,9.61
4/30/2016,7:00:00,9.53
4/30/2016,8:00:00,9.5
4/30/2016,9:00:00,9.68
4/30/2016,10:00:00,9.94
4/30/2016,11:00:00,10.38
4/30/2016,12:00:00,10.85
4/30/2016,13:00:00,11.33
4/30/2016,14:00:00,11.83
4/30/2016,15:00:00,12.27
4/30/2016,16:00:00,12.5
4/30/2016,17:00:00,12.62
4/30/2016,18:00:00,12.55
4/30/2016,19:00:00,12.27
4/30/2016,20:00:00,11.9
4/30/2016,21:00:00,11.47
4/30/2016,22:00:00,11.05
4/30/2016,23:00:00,10.67
5/1/2016,0:00:00,10.34
5/1/2016,1:00:00,10.09
5/1/2016,2:00:00,9.92
5/1/2016,3:00:00,9.79
5/1/2016,4:00:00,9.68
5/1/2016,5:00:00,9.59
5/1/2016,6:00:00,9.54
5/1/2016,7:00:00,9.52
5/1/2016,8:00:00,9.55
5/1/2016,9:00:00,9.71
5/1/2016,10:00:00,9.95
5/1/2016,11:00:00,10.32
5/1/2016,12:00:00,10.83
5/1/2016,13:00:00,11.4
5/1/2016,14:00:00,11.91
5/1/2016,15:00:00,12.34
5/1/2016,16:00:00,12.59
5/1/2016,17:00:00,12.73
5/1/2016,18:00:00,12.68
5/1/2016,19:00:00,12.44
5/1/2016,20:00:00,12.04
5/1/2016,21:00:00,11.66
5/1/2016,22:00:00,11.35
5/1/2016,23:00:00,11.04
5/2/2016,0:00:00,10.74
5/2/2016,1:00:00,10.47
5/2/2016,2:00:00,10.29
5/2/2016,3:00:00,10.16
5/2/2016,4:00:00,10.05
5/2/2016,5:00:00,9.94
5/2/2016,6:00:00,9.85
5/2/2016,7:00:00,9.77
5/2/2016,8:00:00,9.74
5/2/2016,9:00:00,9.87
5/2/2016,10:00:00,10.12
5/2/2016,11:00:00,10.56
5/2/2016,12:00:00,11.07
5/2/2016,13:00:00,11.61
5/2/2016,14:00:00,12.11
5/2/2016,15:00:00,12.62
5/2/2016,16:00:00,12.82
5/2/2016,17:00:00,12.77
5/2/2016,18:00:00,12.63
5/2/2016,19:00:00,12.4
5/2/2016,20:00:00,12.05
5/2/2016,21:00:00,11.67
5/2/2016,22:00:00,11.37
5/2/2016,23:00:00,11.06
5/3/2016,0:00:00,10.8
5/3/2016,1:00:00,10.62
5/3/2016,2:00:00,10.5
5/3/2016,3:00:00,10.42
5/3/2016,4:00:00,10.34
5/3/2016,5:00:00,10.26
5/3/2016,6:00:00,10.19
5/3/2016,7:00:00,10.14
5/3/2016,8:00:00,10.13
5/3/2016,9:00:00,10.22
5/3/2016,10:00:00,10.42
5/3/2016,11:00:00,10.75
5/3/2016,12:00:00,11.08
5/3/2016,13:00:00,11.43
5/3/2016,14:00:00,11.74
5/3/2016,15:00:00,11.89
5/3/2016,16:00:00,11.89
5/3/2016,17:00:00,11.81
5/3/2016,18:00:00,11.64
5/3/2016,19:00:00,11.46
5/3/2016,20:00:00,11.24
5/3/2016,21:00:00,11.05
5/3/2016,22:00:00,10.89
5/3/2016,23:00:00,10.79
5/4/2016,0:00:00,10.71
5/4/2016,1:00:00,10.68
5/4/2016,2:00:00,10.64
5/4/2016,3:00:00,10.58
5/4/2016,4:00:00,10.48
5/4/2016,5:00:00,10.44
5/4/2016,6:00:00,10.43
5/4/2016,7:00:00,10.42
5/4/2016,8:00:00,10.47
5/4/2016,9:00:00,10.59
5/4/2016,10:00:00,10.77
5/4/2016,11:00:00,10.97
5/4/2016,12:00:00,11.2
5/4/2016,13:00:00,11.49
5/4/2016,14:00:00,11.63
5/4/2016,15:00:00,11.73
5/4/2016,16:00:00,11.83
5/4/2016,17:00:00,11.82
5/4/2016,18:00:00,11.71
5/4/2016,19:00:00,11.56
5/4/2016,20:00:00,11.37
5/4/2016,21:00:00,11.22
5/4/2016,22:00:00,11.04
5/4/2016,23:00:00,10.92
5/5/2016,0:00:00,10.82
5/5/2016,1:00:00,10.74
5/5/2016,2:00:00,10.69
5/5/2016,3:00:00,10.66
5/5/2016,4:00:00,10.61
5/5/2016,5:00:00,10.57
5/5/2016,6:00:00,10.55
5/5/2016,7:00:00,10.54
5/5/2016,8:00:00,10.55
5/5/2016,9:00:00,10.6
5/5/2016,10:00:00,10.68
5/5/2016,11:00:00,10.79
5/5/2016,12:00:00,10.96
5/5/2016,13:00:00,11.16
5/5/2016,14:00:00,11.31
5/5/2016,15:00:00,11.5
5/5/2016,16:00:00,11.61
5/5/2016,17:00:00,11.66
5/5/2016,18:00:00,11.6
5/5/2016,19:00:00,11.48
5/5/2016,20:00:00,11.36
5/5/2016,21:00:00,11.21
5/5/2016,22:00:00,11.03
5/5/2016,23:00:00,10.89
5/6/2016,0:00:00,10.78
5/6/2016,1:00:00,10.67
5/6/2016,2:00:00,10.58
5/6/2016,3:00:00,10.54
5/6/2016,4:00:00,10.52
5/6/2016,5:00:00,10.5
5/6/2016,6:00:00,10.47
5/6/2016,7:00:00,10.47
5/6/2016,8:00:00,10.49
5/6/2016,9:00:00,10.61
5/6/2016,10:00:00,10.83
5/6/2016,11:00:00,11.16
5/6/2016,12:00:00,11.38
5/6/2016,13:00:00,11.61
5/6/2016,14:00:00,11.82
5/6/2016,15:00:00,12.04
5/6/2016,16:00:00,12.16
5/6/2016,17:00:00,12.23
5/6/2016,18:00:00,12.17
5/6/2016,19:00:00,12
5/6/2016,20:00:00,11.73
5/6/2016,21:00:00,11.55
5/6/2016,22:00:00,11.4
5/6/2016,23:00:00,11.17
5/7/2016,0:00:00,10.92
5/7/2016,1:00:00,10.77
5/7/2016,2:00:00,10.67
5/7/2016,3:00:00,10.56
5/7/2016,4:00:00,10.48
5/7/2016,5:00:00,10.42
5/7/2016,6:00:00,10.37
5/7/2016,7:00:00,10.34
5/7/2016,8:00:00,10.39
5/7/2016,9:00:00,10.55
5/7/2016,10:00:00,10.69
5/7/2016,11:00:00,11.03
5/7/2016,12:00:00,11.46
5/7/2016,13:00:00,12.07
5/7/2016,14:00:00,12.7
5/7/2016,15:00:00,13.07
5/7/2016,16:00:00,13.28
5/7/2016,17:00:00,13.34
5/7/2016,18:00:00,13.26
5/7/2016,19:00:00,13.13
5/7/2016,20:00:00,12.85
5/7/2016,21:00:00,12.45
5/7/2016,22:00:00,11.96
5/7/2016,23:00:00,11.53
5/8/2016,0:00:00,11.21
5/8/2016,1:00:00,10.97
5/8/2016,2:00:00,10.8
5/8/2016,3:00:00,10.71
5/8/2016,4:00:00,10.66
5/8/2016,5:00:00,10.71
5/8/2016,6:00:00,10.87
5/8/2016,7:00:00,11.01
5/8/2016,8:00:00,10.97
5/8/2016,9:00:00,11.07
5/8/2016,10:00:00,11.34
5/8/2016,11:00:00,11.74
5/8/2016,12:00:00,12.34
5/8/2016,13:00:00,13.01
5/8/2016,14:00:00,13.47
5/8/2016,15:00:00,14.07
5/8/2016,16:00:00,14.25
5/8/2016,17:00:00,14.43
5/8/2016,18:00:00,14.56
5/8/2016,19:00:00,14.37
5/8/2016,20:00:00,13.86
5/8/2016,21:00:00,13.28
5/8/2016,22:00:00,12.84
5/8/2016,23:00:00,12.45
5/9/2016,0:00:00,12.22
5/9/2016,1:00:00,12.14
5/9/2016,2:00:00,12.17
5/9/2016,3:00:00,12.19
5/9/2016,4:00:00,12.18
5/9/2016,5:00:00,12.13
5/9/2016,6:00:00,12.06
5/9/2016,7:00:00,12.02
5/9/2016,8:00:00,12.12
5/9/2016,9:00:00,12.34
5/9/2016,10:00:00,12.65
5/9/2016,11:00:00,13.1
5/9/2016,12:00:00,13.63
5/9/2016,13:00:00,14.15
5/9/2016,14:00:00,14.67
5/9/2016,15:00:00,14.99
5/9/2016,16:00:00,15.04
5/9/2016,17:00:00,15.05
5/9/2016,18:00:00,14.86
5/9/2016,19:00:00,14.48
5/9/2016,20:00:00,14
5/9/2016,21:00:00,13.54
5/9/2016,22:00:00,13.05
5/9/2016,23:00:00,12.53
5/10/2016,0:00:00,12.11
5/10/2016,1:00:00,11.87
5/10/2016,2:00:00,11.7
5/10/2016,3:00:00,11.6
5/10/2016,4:00:00,11.48
5/10/2016,5:00:00,11.38
5/10/2016,6:00:00,11.37
5/10/2016,7:00:00,11.38
5/10/2016,8:00:00,11.5
5/10/2016,9:00:00,11.77
5/10/2016,10:00:00,12.2
5/10/2016,11:00:00,12.68
5/10/2016,12:00:00,13.16
5/10/2016,13:00:00,13.78
5/10/2016,14:00:00,14.35
5/10/2016,15:00:00,14.89
5/10/2016,16:00:00,15.11
5/10/2016,17:00:00,15.23
5/10/2016,18:00:00,15.11
5/10/2016,19:00:00,14.77
5/10/2016,20:00:00,14.31
5/10/2016,21:00:00,13.78
5/10/2016,22:00:00,13.24
5/10/2016,23:00:00,12.8
5/11/2016,0:00:00,12.42
5/11/2016,1:00:00,12.14
5/11/2016,2:00:00,11.97
5/11/2016,3:00:00,11.83
5/11/2016,4:00:00,11.7
5/11/2016,5:00:00,11.59
5/11/2016,6:00:00,11.5
5/11/2016,7:00:00,11.46
5/11/2016,8:00:00,11.54
5/11/2016,9:00:00,11.76
5/11/2016,10:00:00,12.12
5/11/2016,11:00:00,12.64
5/11/2016,12:00:00,13.23
5/11/2016,13:00:00,13.84
5/11/2016,14:00:00,14.48
5/11/2016,15:00:00,15.02
5/11/2016,16:00:00,15.26
5/11/2016,17:00:00,15.37
5/11/2016,18:00:00,15.24
5/11/2016,19:00:00,14.89
5/11/2016,20:00:00,14.2
5/11/2016,21:00:00,13.49
5/11/2016,22:00:00,12.92
5/11/2016,23:00:00,12.51
5/12/2016,0:00:00,12.18
5/12/2016,1:00:00,11.99
5/12/2016,2:00:00,11.87
5/12/2016,3:00:00,11.76
5/12/2016,4:00:00,11.69
5/12/2016,5:00:00,11.61
5/12/2016,6:00:00,11.51
5/12/2016,7:00:00,11.49
5/12/2016,8:00:00,11.65
5/12/2016,9:00:00,11.98
5/12/2016,10:00:00,12.45
5/12/2016,11:00:00,12.99
5/12/2016,12:00:00,13.57
5/12/2016,13:00:00,14.22
5/12/2016,14:00:00,14.81
5/12/2016,15:00:00,15.25
5/12/2016,16:00:00,15.45
5/12/2016,17:00:00,15.44
5/12/2016,18:00:00,15.17
5/12/2016,19:00:00,14.71
5/12/2016,20:00:00,14.11
5/12/2016,21:00:00,13.5
5/12/2016,22:00:00,12.97
5/12/2016,23:00:00,12.57
5/13/2016,0:00:00,12.24
5/13/2016,1:00:00,12
5/13/2016,2:00:00,11.85
5/13/2016,3:00:00,11.74
5/13/2016,4:00:00,11.66
5/13/2016,5:00:00,11.56
5/13/2016,6:00:00,11.51
5/13/2016,7:00:00,11.47
5/13/2016,8:00:00,11.53
5/13/2016,9:00:00,11.74
5/13/2016,10:00:00,12.11
5/13/2016,11:00:00,12.61
5/13/2016,12:00:00,13.22
5/13/2016,13:00:00,13.83
5/13/2016,14:00:00,14.42
5/13/2016,15:00:00,14.79
5/13/2016,16:00:00,14.9
5/13/2016,17:00:00,14.83
5/13/2016,18:00:00,14.58
5/13/2016,19:00:00,14.1
5/13/2016,20:00:00,13.53
5/13/2016,21:00:00,12.93
5/13/2016,22:00:00,12.44
5/13/2016,23:00:00,12.05
5/14/2016,0:00:00,11.8
5/14/2016,1:00:00,11.62
5/14/2016,2:00:00,11.55
5/14/2016,3:00:00,11.51
5/14/2016,4:00:00,11.49
5/14/2016,5:00:00,11.46
5/14/2016,6:00:00,11.37
5/14/2016,7:00:00,11.38
5/14/2016,8:00:00,11.45
5/14/2016,9:00:00,11.74
5/14/2016,10:00:00,12.19
5/14/2016,11:00:00,12.47
5/14/2016,12:00:00,12.56
5/14/2016,13:00:00,12.79
5/14/2016,14:00:00,13.02
5/14/2016,15:00:00,12.94
5/14/2016,16:00:00,12.71
5/14/2016,17:00:00,12.57
5/14/2016,18:00:00,12.69
5/14/2016,19:00:00,12.54
5/14/2016,20:00:00,12.17
5/14/2016,21:00:00,11.98
5/14/2016,22:00:00,11.94
5/14/2016,23:00:00,11.95
5/15/2016,0:00:00,11.8
5/15/2016,1:00:00,11.9
5/15/2016,2:00:00,11.95
5/15/2016,3:00:00,12.27
5/15/2016,4:00:00,12.62
5/15/2016,5:00:00,12.51
5/15/2016,6:00:00,12.46
5/15/2016,7:00:00,12.37
5/15/2016,8:00:00,12.47
5/15/2016,9:00:00,12.8
5/15/2016,10:00:00,12.92
5/15/2016,11:00:00,13.01
5/15/2016,12:00:00,13.16
5/15/2016,13:00:00,13.24
5/15/2016,14:00:00,13.33
5/15/2016,15:00:00,13.37
5/15/2016,16:00:00,13.41
5/15/2016,17:00:00,13.49
5/15/2016,18:00:00,13.24
5/15/2016,19:00:00,12.95
5/15/2016,20:00:00,12.8
5/15/2016,21:00:00,12.7
5/15/2016,22:00:00,12.7
5/15/2016,23:00:00,12.74
5/16/2016,0:00:00,12.75
5/16/2016,1:00:00,12.78
5/16/2016,2:00:00,12.88
5/16/2016,3:00:00,12.94
5/16/2016,4:00:00,12.94
5/16/2016,5:00:00,12.95
5/16/2016,6:00:00,12.91
5/16/2016,7:00:00,12.95
5/16/2016,8:00:00,13.05
5/16/2016,9:00:00,13.29
5/16/2016,10:00:00,13.52
5/16/2016,11:00:00,13.86
5/16/2016,12:00:00,14.3
5/16/2016,13:00:00,14.39
5/16/2016,14:00:00,14.47
5/16/2016,15:00:00,14.66
5/16/2016,16:00:00,14.76
5/16/2016,17:00:00,14.66
5/16/2016,18:00:00,14.55
5/16/2016,19:00:00,14.33
5/16/2016,20:00:00,14.11
5/16/2016,21:00:00,13.82
5/16/2016,22:00:00,13.44
5/16/2016,23:00:00,13.15
5/17/2016,0:00:00,12.98
5/17/2016,1:00:00,12.89
5/17/2016,2:00:00,12.85
5/17/2016,3:00:00,12.77
5/17/2016,4:00:00,12.77
5/17/2016,5:00:00,12.84
5/17/2016,6:00:00,12.83
5/17/2016,7:00:00,12.85
5/17/2016,8:00:00,12.96
5/17/2016,9:00:00,13.21
5/17/2016,10:00:00,13.62
5/17/2016,11:00:00,14.09
5/17/2016,12:00:00,14.63
5/17/2016,13:00:00,15.1
5/17/2016,14:00:00,15.62
5/17/2016,15:00:00,15.97
5/17/2016,16:00:00,16.05
5/17/2016,17:00:00,15.99
5/17/2016,18:00:00,15.68
5/17/2016,19:00:00,15.12
5/17/2016,20:00:00,14.44
5/17/2016,21:00:00,13.79
5/17/2016,22:00:00,13.29
5/17/2016,23:00:00,12.84
5/18/2016,0:00:00,12.57
5/18/2016,1:00:00,12.45
5/18/2016,2:00:00,12.15
5/18/2016,3:00:00,11.88
5/18/2016,4:00:00,11.87
5/18/2016,5:00:00,11.92
5/18/2016,6:00:00,11.91
5/18/2016,7:00:00,11.86
5/18/2016,8:00:00,11.95
5/18/2016,9:00:00,12.23
5/18/2016,10:00:00,12.66
5/18/2016,11:00:00,13.23
5/18/2016,12:00:00,13.83
5/18/2016,13:00:00,14.35
5/18/2016,14:00:00,14.88
5/18/2016,15:00:00,15.34
5/18/2016,16:00:00,15.43
5/18/2016,17:00:00,15.23
5/18/2016,18:00:00,14.87
5/18/2016,19:00:00,14.29
5/18/2016,20:00:00,13.82
5/18/2016,21:00:00,13.25
5/18/2016,22:00:00,12.74
5/18/2016,23:00:00,12.53
5/19/2016,0:00:00,12.34
5/19/2016,1:00:00,12.26
5/19/2016,2:00:00,12.21
5/19/2016,3:00:00,12.27
5/19/2016,4:00:00,12.22
5/19/2016,5:00:00,12.32
5/19/2016,6:00:00,12.32
5/19/2016,7:00:00,12.31
5/19/2016,8:00:00,12.2
5/19/2016,9:00:00,12.45
5/19/2016,10:00:00,12.87
5/19/2016,11:00:00,13.39
5/19/2016,12:00:00,13.98
5/19/2016,13:00:00,14.45
5/19/2016,14:00:00,14.85
5/19/2016,15:00:00,15.03
5/19/2016,16:00:00,14.99
5/19/2016,17:00:00,14.76
5/19/2016,18:00:00,14.73
5/19/2016,19:00:00,14.47
5/19/2016,20:00:00,13.9
5/19/2016,21:00:00,13.58
5/19/2016,22:00:00,12.98
5/19/2016,23:00:00,12.83
5/20/2016,0:00:00,12.93
5/20/2016,1:00:00,12.85
5/20/2016,2:00:00,12.68
5/20/2016,3:00:00,12.91
5/20/2016,4:00:00,13.12
5/20/2016,5:00:00,13.16
5/20/2016,6:00:00,13.17
5/20/2016,7:00:00,13.17
5/20/2016,8:00:00,13.21
5/20/2016,9:00:00,13.25
5/20/2016,10:00:00,13.44
5/20/2016,11:00:00,13.7
5/20/2016,12:00:00,14.09
5/20/2016,13:00:00,14.39
5/20/2016,14:00:00,14.47
5/20/2016,15:00:00,14.44
5/20/2016,16:00:00,14.28
5/20/2016,17:00:00,13.92
5/20/2016,18:00:00,13.43
5/20/2016,19:00:00,13.18
5/20/2016,20:00:00,12.9
5/20/2016,21:00:00,12.68
5/20/2016,22:00:00,12.55
5/20/2016,23:00:00,12.52
5/21/2016,0:00:00,12.45
5/21/2016,1:00:00,12.48
5/21/2016,2:00:00,12.48
5/21/2016,3:00:00,12.58
5/21/2016,4:00:00,12.73
5/21/2016,5:00:00,12.77
5/21/2016,6:00:00,12.8
5/21/2016,7:00:00,12.87
5/21/2016,8:00:00,12.92
5/21/2016,9:00:00,12.97
5/21/2016,10:00:00,13.01
5/21/2016,11:00:00,13.11
5/21/2016,12:00:00,13.28
5/21/2016,13:00:00,13.53
5/21/2016,14:00:00,13.67
5/21/2016,15:00:00,13.73
5/21/2016,16:00:00,13.78
5/21/2016,17:00:00,13.73
5/21/2016,18:00:00,13.59
5/21/2016,19:00:00,13.36
5/21/2016,20:00:00,13.15
5/21/2016,21:00:00,13
5/21/2016,22:00:00,12.84
5/21/2016,23:00:00,12.62
5/22/2016,0:00:00,12.44
5/22/2016,1:00:00,12.28
5/22/2016,2:00:00,12.18
5/22/2016,3:00:00,12.12
5/22/2016,4:00:00,12.08
5/22/2016,5:00:00,12.05
5/22/2016,6:00:00,12.09
5/22/2016,7:00:00,12.17
5/22/2016,8:00:00,12.21
5/22/2016,9:00:00,12.29
5/22/2016,10:00:00,12.56
5/22/2016,11:00:00,12.87
5/22/2016,12:00:00,12.9
5/22/2016,13:00:00,13.22
5/22/2016,14:00:00,13.42
5/22/2016,15:00:00,13.7
5/22/2016,16:00:00,13.88
5/22/2016,17:00:00,13.87
5/22/2016,18:00:00,13.55
5/22/2016,19:00:00,13.35
5/22/2016,20:00:00,12.95
5/22/2016,21:00:00,12.61
5/22/2016,22:00:00,12.39
5/22/2016,23:00:00,12.18
5/23/2016,0:00:00,12.25
5/23/2016,1:00:00,12.21
5/23/2016,2:00:00,12.17
5/23/2016,3:00:00,12.19
5/23/2016,4:00:00,12.16
5/23/2016,5:00:00,12.17
5/23/2016,6:00:00,12.18
5/23/2016,7:00:00,12.18
5/23/2016,8:00:00,12.27
5/23/2016,9:00:00,12.37
5/23/2016,10:00:00,12.67
5/23/2016,11:00:00,13.13
5/23/2016,12:00:00,13.49
5/23/2016,13:00:00,13.98
5/23/2016,14:00:00,14.17
5/23/2016,15:00:00,14.15
5/23/2016,16:00:00,14.48
5/23/2016,17:00:00,14.68
5/23/2016,18:00:00,14.6
5/23/2016,19:00:00,14.41
5/23/2016,20:00:00,14
5/23/2016,21:00:00,13.41
5/23/2016,22:00:00,12.87
5/23/2016,23:00:00,12.62
5/24/2016,0:00:00,12.43
5/24/2016,1:00:00,12.29
5/24/2016,2:00:00,12.22
5/24/2016,3:00:00,12.15
5/24/2016,4:00:00,12.05
5/24/2016,5:00:00,11.95
5/24/2016,6:00:00,11.9
5/24/2016,7:00:00,11.94
5/24/2016,8:00:00,12.05
5/24/2016,9:00:00,12.34
5/24/2016,10:00:00,12.81
5/24/2016,11:00:00,13.17
5/24/2016,12:00:00,13.65
5/24/2016,13:00:00,14.3
5/24/2016,14:00:00,14.9
5/24/2016,15:00:00,15.1
5/24/2016,16:00:00,15.23
5/24/2016,17:00:00,15.18
5/24/2016,18:00:00,15.06
5/24/2016,19:00:00,14.55
5/24/2016,20:00:00,14
5/24/2016,21:00:00,13.54
5/24/2016,22:00:00,13.04
5/24/2016,23:00:00,12.61
5/25/2016,0:00:00,12.27
5/25/2016,1:00:00,12.12
5/25/2016,2:00:00,12.13
5/25/2016,3:00:00,11.92
5/25/2016,4:00:00,11.89
5/25/2016,5:00:00,12.01
5/25/2016,6:00:00,12.18
5/25/2016,7:00:00,12.32
5/25/2016,8:00:00,12.46
5/25/2016,9:00:00,12.71
5/25/2016,10:00:00,12.96
5/25/2016,11:00:00,13.23
5/25/2016,12:00:00,13.76
5/25/2016,13:00:00,14.44
5/25/2016,14:00:00,14.96
5/25/2016,15:00:00,14.98
5/25/2016,16:00:00,14.97
5/25/2016,17:00:00,15.17
5/25/2016,18:00:00,15.22
5/25/2016,19:00:00,14.95
5/25/2016,20:00:00,14.49
5/25/2016,21:00:00,13.85
5/25/2016,22:00:00,13.28
5/25/2016,23:00:00,12.82
5/26/2016,0:00:00,12.49
5/26/2016,1:00:00,12.29
5/26/2016,2:00:00,12.12
5/26/2016,3:00:00,11.98
5/26/2016,4:00:00,11.98
5/26/2016,5:00:00,12.04
5/26/2016,6:00:00,12.05
5/26/2016,7:00:00,12.19
5/26/2016,8:00:00,12.46
5/26/2016,9:00:00,12.81
5/26/2016,10:00:00,13.3
5/26/2016,11:00:00,13.91
5/26/2016,12:00:00,14.45
5/26/2016,13:00:00,15.07
5/26/2016,14:00:00,15.65
5/26/2016,15:00:00,16.07
5/26/2016,16:00:00,16.19
5/26/2016,17:00:00,16.19
5/26/2016,18:00:00,15.96
5/26/2016,19:00:00,15.47
5/26/2016,20:00:00,14.82
5/26/2016,21:00:00,14.16
5/26/2016,22:00:00,13.55
5/26/2016,23:00:00,13.07
5/27/2016,0:00:00,12.71
5/27/2016,1:00:00,12.52
5/27/2016,2:00:00,12.5
5/27/2016,3:00:00,12.48
5/27/2016,4:00:00,12.47
5/27/2016,5:00:00,12.46
5/27/2016,6:00:00,12.42
5/27/2016,7:00:00,12.4
5/27/2016,8:00:00,12.49
5/27/2016,9:00:00,12.78
5/27/2016,10:00:00,13.23
5/27/2016,11:00:00,13.79
5/27/2016,12:00:00,14.39
5/27/2016,13:00:00,14.99
5/27/2016,14:00:00,15.57
5/27/2016,15:00:00,16
5/27/2016,16:00:00,16.13
5/27/2016,17:00:00,16.11
5/27/2016,18:00:00,15.84
5/27/2016,19:00:00,15.35
5/27/2016,20:00:00,14.69
5/27/2016,21:00:00,14.02
5/27/2016,22:00:00,13.43
5/27/2016,23:00:00,12.99
5/28/2016,0:00:00,12.69
5/28/2016,1:00:00,12.49
5/28/2016,2:00:00,12.41
5/28/2016,3:00:00,12.38
5/28/2016,4:00:00,12.28
5/28/2016,5:00:00,12.23
5/28/2016,6:00:00,12.22
5/28/2016,7:00:00,12.23
5/28/2016,8:00:00,12.33
5/28/2016,9:00:00,12.61
5/28/2016,10:00:00,13.07
5/28/2016,11:00:00,13.65
5/28/2016,12:00:00,14.28
5/28/2016,13:00:00,14.92
5/28/2016,14:00:00,15.59
5/28/2016,15:00:00,15.88
5/28/2016,16:00:00,15.93
5/28/2016,17:00:00,16.05
5/28/2016,18:00:00,15.99
5/28/2016,19:00:00,15.55
5/28/2016,20:00:00,14.92
5/28/2016,21:00:00,14.3
5/28/2016,22:00:00,13.75
5/28/2016,23:00:00,13.31
5/29/2016,0:00:00,13.04
5/29/2016,1:00:00,12.86
5/29/2016,2:00:00,12.76
5/29/2016,3:00:00,12.67
5/29/2016,4:00:00,12.59
5/29/2016,5:00:00,12.51
5/29/2016,6:00:00,12.43
5/29/2016,7:00:00,12.41
5/29/2016,8:00:00,12.54
5/29/2016,9:00:00,12.88
5/29/2016,10:00:00,13.39
5/29/2016,11:00:00,14
5/29/2016,12:00:00,14.63
5/29/2016,13:00:00,15.2
5/29/2016,14:00:00,15.73
5/29/2016,15:00:00,16.14
5/29/2016,16:00:00,16.26
5/29/2016,17:00:00,16.15
5/29/2016,18:00:00,15.84
5/29/2016,19:00:00,15.35
5/29/2016,20:00:00,14.75
5/29/2016,21:00:00,14.15
5/29/2016,22:00:00,13.6
5/29/2016,23:00:00,13.16
5/30/2016,0:00:00,12.82
5/30/2016,1:00:00,12.62
5/30/2016,2:00:00,12.5
5/30/2016,3:00:00,12.42
5/30/2016,4:00:00,12.36
5/30/2016,5:00:00,12.38
5/30/2016,6:00:00,12.4
5/30/2016,7:00:00,12.48
5/30/2016,8:00:00,12.67
5/30/2016,9:00:00,13.98
Data trimmed,,
6/16/2016,12:00:00,14.13
6/16/2016,13:00:00,14.41
6/16/2016,14:00:00,14.28
6/16/2016,15:00:00,14.23
6/16/2016,16:00:00,14.26
6/16/2016,17:00:00,14.21
6/16/2016,18:00:00,14.05
6/16/2016,19:00:00,13.86
6/16/2016,20:00:00,13.56
6/16/2016,21:00:00,13.29
6/16/2016,22:00:00,12.93
6/16/2016,23:00:00,12.73
6/17/2016,0:00:00,12.55
6/17/2016,1:00:00,12.47
6/17/2016,2:00:00,12.46
6/17/2016,3:00:00,12.49
6/17/2016,4:00:00,12.57
6/17/2016,5:00:00,12.61
6/17/2016,6:00:00,12.67
6/17/2016,7:00:00,12.73
6/17/2016,8:00:00,12.68
6/17/2016,9:00:00,12.78
6/17/2016,10:00:00,13.02
6/17/2016,11:00:00,13.23
6/17/2016,12:00:00,13.42
6/17/2016,13:00:00,13.65
6/17/2016,14:00:00,13.79
6/17/2016,15:00:00,13.76
6/17/2016,16:00:00,13.57
6/17/2016,17:00:00,13.32
6/17/2016,18:00:00,13.26
6/17/2016,19:00:00,13.37
6/17/2016,20:00:00,13.29
6/17/2016,21:00:00,13.09
6/17/2016,22:00:00,13.06
6/17/2016,23:00:00,12.99
6/18/2016,0:00:00,12.94
6/18/2016,1:00:00,12.65
6/18/2016,2:00:00,12.64
6/18/2016,3:00:00,12.72
6/18/2016,4:00:00,12.82
6/18/2016,5:00:00,12.87
6/18/2016,6:00:00,12.84
6/18/2016,7:00:00,12.79
6/18/2016,8:00:00,12.83
6/18/2016,9:00:00,12.91
6/18/2016,10:00:00,12.98
6/18/2016,11:00:00,13.01
6/18/2016,12:00:00,13.15
6/18/2016,13:00:00,13.7
6/18/2016,14:00:00,14.15
6/18/2016,15:00:00,14.66
6/18/2016,16:00:00,15.19
6/18/2016,17:00:00,15.14
6/18/2016,18:00:00,14.98
6/18/2016,19:00:00,14.73
6/18/2016,20:00:00,14.41
6/18/2016,21:00:00,14.19
6/18/2016,22:00:00,14.01
6/18/2016,23:00:00,13.8
6/19/2016,0:00:00,13.63
6/19/2016,1:00:00,13.68
6/19/2016,2:00:00,13.61
6/19/2016,3:00:00,13.57
6/19/2016,4:00:00,13.67
6/19/2016,5:00:00,13.67
6/19/2016,6:00:00,13.61
6/19/2016,7:00:00,13.55
6/19/2016,8:00:00,13.6
6/19/2016,9:00:00,13.71
6/19/2016,10:00:00,13.88
6/19/2016,11:00:00,14.12
6/19/2016,12:00:00,14.48
6/19/2016,13:00:00,14.92
6/19/2016,14:00:00,15.23
6/19/2016,15:00:00,15.48
6/19/2016,16:00:00,15.51
6/19/2016,17:00:00,15.27
6/19/2016,18:00:00,14.92
6/19/2016,19:00:00,14.52
6/19/2016,20:00:00,14.08
6/19/2016,21:00:00,13.56
6/19/2016,22:00:00,13.21
6/19/2016,23:00:00,12.89
6/20/2016,0:00:00,12.76
6/20/2016,1:00:00,12.64
6/20/2016,2:00:00,12.45
6/20/2016,3:00:00,12.39
6/20/2016,4:00:00,12.33
6/20/2016,5:00:00,12.27
6/20/2016,6:00:00,12.19
6/20/2016,7:00:00,12.19
6/20/2016,8:00:00,12.32
6/20/2016,9:00:00,12.59
6/20/2016,10:00:00,13
6/20/2016,11:00:00,13.55
6/20/2016,12:00:00,14.15
6/20/2016,13:00:00,14.73
6/20/2016,14:00:00,15.19
6/20/2016,15:00:00,15.53
6/20/2016,16:00:00,15.85
6/20/2016,17:00:00,15.77
6/20/2016,18:00:00,15.38
6/20/2016,19:00:00,14.94
6/20/2016,20:00:00,14.35
6/20/2016,21:00:00,13.98
6/20/2016,22:00:00,13.62
6/20/2016,23:00:00,13.28
6/21/2016,0:00:00,13
6/21/2016,1:00:00,12.94
6/21/2016,2:00:00,12.85
6/21/2016,3:00:00,12.97
6/21/2016,4:00:00,13.35
6/21/2016,5:00:00,13.65
6/21/2016,6:00:00,13.66
6/21/2016,7:00:00,13.64
6/21/2016,8:00:00,13.69
6/21/2016,9:00:00,13.79
6/21/2016,10:00:00,14.12
6/21/2016,11:00:00,14.58
6/21/2016,12:00:00,15.04
6/21/2016,13:00:00,15.56
6/21/2016,14:00:00,16
6/21/2016,15:00:00,16.16
6/21/2016,16:00:00,16.22
6/21/2016,17:00:00,16.11
6/21/2016,18:00:00,15.74
6/21/2016,19:00:00,15.27
6/21/2016,20:00:00,14.74
6/21/2016,21:00:00,14.22
6/21/2016,22:00:00,13.81
6/21/2016,23:00:00,13.44
6/22/2016,0:00:00,13.11
6/22/2016,1:00:00,12.9
6/22/2016,2:00:00,12.76
6/22/2016,3:00:00,12.76
6/22/2016,4:00:00,12.72
6/22/2016,5:00:00,12.63
6/22/2016,6:00:00,12.57
6/22/2016,7:00:00,12.56
6/22/2016,8:00:00,12.73
6/22/2016,9:00:00,12.97
6/22/2016,10:00:00,13.17
6/22/2016,11:00:00,13.58
6/22/2016,12:00:00,14.21
6/22/2016,13:00:00,14.81
6/22/2016,14:00:00,15.25
6/22/2016,15:00:00,15.53
6/22/2016,16:00:00,15.64
6/22/2016,17:00:00,15.58
6/22/2016,18:00:00,15.33
6/22/2016,19:00:00,14.89
6/22/2016,20:00:00,14.27
6/22/2016,21:00:00,13.75
6/22/2016,22:00:00,13.28
6/22/2016,23:00:00,12.92
6/23/2016,0:00:00,12.66
6/23/2016,1:00:00,12.52
6/23/2016,2:00:00,12.49
6/23/2016,3:00:00,12.49
6/23/2016,4:00:00,12.65
6/23/2016,5:00:00,12.68
6/23/2016,6:00:00,12.59
6/23/2016,7:00:00,12.46
6/23/2016,8:00:00,12.57
6/23/2016,9:00:00,12.81
6/23/2016,10:00:00,12.98
6/23/2016,11:00:00,13.15
6/23/2016,12:00:00,13.6
6/23/2016,13:00:00,14.13
6/23/2016,14:00:00,14.56
6/23/2016,15:00:00,14.95
6/23/2016,16:00:00,14.86
6/23/2016,17:00:00,14.9
6/23/2016,18:00:00,14.82
6/23/2016,19:00:00,14.47
6/23/2016,20:00:00,13.86
6/23/2016,21:00:00,13.21
6/23/2016,22:00:00,13.04
6/23/2016,23:00:00,12.92
6/24/2016,0:00:00,12.76
6/24/2016,1:00:00,12.62
6/24/2016,2:00:00,12.62
6/24/2016,3:00:00,12.71
6/24/2016,4:00:00,12.65
6/24/2016,5:00:00,12.57
6/24/2016,6:00:00,12.55
6/24/2016,7:00:00,12.51
6/24/2016,8:00:00,12.53
6/24/2016,9:00:00,12.61
6/24/2016,10:00:00,12.78
6/24/2016,11:00:00,13.19
6/24/2016,12:00:00,13.75
6/24/2016,13:00:00,14.33
6/24/2016,14:00:00,14.7
6/24/2016,15:00:00,14.99
6/24/2016,16:00:00,15.11
6/24/2016,17:00:00,15.02
6/24/2016,18:00:00,14.78
6/24/2016,19:00:00,14.31
6/24/2016,20:00:00,13.78
6/24/2016,21:00:00,13.33
6/24/2016,22:00:00,12.99
6/24/2016,23:00:00,12.66
6/25/2016,0:00:00,12.48
6/25/2016,1:00:00,12.35
6/25/2016,2:00:00,12.36
6/25/2016,3:00:00,12.4
6/25/2016,4:00:00,12.28
6/25/2016,5:00:00,12.26
6/25/2016,6:00:00,12.21
6/25/2016,7:00:00,12.31
6/25/2016,8:00:00,12.32
6/25/2016,9:00:00,12.39
6/25/2016,10:00:00,12.73
6/25/2016,11:00:00,13.19
6/25/2016,12:00:00,13.79
6/25/2016,13:00:00,14.26
6/25/2016,14:00:00,14.63
6/25/2016,15:00:00,14.92
6/25/2016,16:00:00,14.93
6/25/2016,17:00:00,14.95
6/25/2016,18:00:00,14.76
6/25/2016,19:00:00,14.32
6/25/2016,20:00:00,13.81
6/25/2016,21:00:00,13.41
6/25/2016,22:00:00,13.02
6/25/2016,23:00:00,12.59
6/26/2016,0:00:00,12.41
6/26/2016,1:00:00,12.41
6/26/2016,2:00:00,12.43
6/26/2016,3:00:00,12.4
6/26/2016,4:00:00,12.26
6/26/2016,5:00:00,12.19
6/26/2016,6:00:00,12.16
6/26/2016,7:00:00,12.24
6/26/2016,8:00:00,12.42
6/26/2016,9:00:00,12.55
6/26/2016,10:00:00,12.89
6/26/2016,11:00:00,13.29
6/26/2016,12:00:00,13.75
6/26/2016,13:00:00,14.36
6/26/2016,14:00:00,14.89
6/26/2016,15:00:00,15.24
6/26/2016,16:00:00,15.37
6/26/2016,17:00:00,15.25
6/26/2016,18:00:00,14.95
6/26/2016,19:00:00,14.6
6/26/2016,20:00:00,14.02
6/26/2016,21:00:00,13.36
6/26/2016,22:00:00,12.93
6/26/2016,23:00:00,12.76
6/27/2016,0:00:00,12.71
6/27/2016,1:00:00,12.59
6/27/2016,2:00:00,12.45
6/27/2016,3:00:00,12.44
6/27/2016,4:00:00,12.45
6/27/2016,5:00:00,12.44
6/27/2016,6:00:00,12.42
6/27/2016,7:00:00,12.28
6/27/2016,8:00:00,12.37
6/27/2016,9:00:00,12.57
6/27/2016,10:00:00,12.99
6/27/2016,11:00:00,13.65
6/27/2016,12:00:00,14.15
6/27/2016,13:00:00,14.56
6/27/2016,14:00:00,14.9
6/27/2016,15:00:00,15.1
6/27/2016,16:00:00,15.14
6/27/2016,17:00:00,15.11
6/27/2016,18:00:00,14.86
6/27/2016,19:00:00,14.52
6/27/2016,20:00:00,14.09
6/27/2016,21:00:00,13.58
6/27/2016,22:00:00,13.12
6/27/2016,23:00:00,12.85
6/28/2016,0:00:00,12.65
6/28/2016,1:00:00,12.54
6/28/2016,2:00:00,12.43
6/28/2016,3:00:00,12.35
6/28/2016,4:00:00,12.32
6/28/2016,5:00:00,12.29
6/28/2016,6:00:00,12.27
6/28/2016,7:00:00,12.26
6/28/2016,8:00:00,12.36
6/28/2016,9:00:00,12.63
6/28/2016,10:00:00,13
6/28/2016,11:00:00,13.43
6/28/2016,12:00:00,13.89
6/28/2016,13:00:00,14.35
6/28/2016,14:00:00,14.75
6/28/2016,15:00:00,15.02
6/28/2016,16:00:00,15.12
6/28/2016,17:00:00,14.98
6/28/2016,18:00:00,14.73
6/28/2016,19:00:00,14.34
6/28/2016,20:00:00,13.79
6/28/2016,21:00:00,13.32
6/28/2016,22:00:00,13.03
6/28/2016,23:00:00,12.68
6/29/2016,0:00:00,12.55
6/29/2016,1:00:00,12.47
6/29/2016,2:00:00,12.41
6/29/2016,3:00:00,12.4
6/29/2016,4:00:00,12.41
6/29/2016,5:00:00,12.23
6/29/2016,6:00:00,12.15
6/29/2016,7:00:00,12.21
6/29/2016,8:00:00,12.48
6/29/2016,9:00:00,12.76
6/29/2016,10:00:00,13.06
6/29/2016,11:00:00,13.39
6/29/2016,12:00:00,13.86
6/29/2016,13:00:00,14.36
6/29/2016,14:00:00,14.74
6/29/2016,15:00:00,15.01
6/29/2016,16:00:00,15.09
6/29/2016,17:00:00,15.11
6/29/2016,18:00:00,14.77
6/29/2016,19:00:00,14.35
6/29/2016,20:00:00,13.89
6/29/2016,21:00:00,13.47
6/29/2016,22:00:00,13.13
6/29/2016,23:00:00,12.87
6/30/2016,0:00:00,12.76
6/30/2016,1:00:00,12.84
6/30/2016,2:00:00,12.87
6/30/2016,3:00:00,12.85
6/30/2016,4:00:00,12.75
6/30/2016,5:00:00,12.58
6/30/2016,6:00:00,12.57
6/30/2016,7:00:00,12.78
6/30/2016,8:00:00,12.79
6/30/2016,9:00:00,12.96
6/30/2016,10:00:00,13.35
6/30/2016,11:00:00,13.79
6/30/2016,12:00:00,14.21
6/30/2016,13:00:00,14.61
6/30/2016,14:00:00,14.96
6/30/2016,15:00:00,15.14
6/30/2016,16:00:00,15.13
6/30/2016,17:00:00,15.07
6/30/2016,18:00:00,14.84
6/30/2016,19:00:00,14.42
6/30/2016,20:00:00,14.04
6/30/2016,21:00:00,13.63
6/30/2016,22:00:00,13.24
6/30/2016,23:00:00,12.96
7/1/2016,0:00:00,12.76
7/1/2016,1:00:00,12.61
7/1/2016,2:00:00,12.62
7/1/2016,3:00:00,12.68
7/1/2016,4:00:00,12.72
7/1/2016,5:00:00,12.66
7/1/2016,6:00:00,12.47
7/1/2016,7:00:00,12.39
7/1/2016,8:00:00,12.64
7/1/2016,9:00:00,13.09
7/1/2016,10:00:00,13.4
7/1/2016,11:00:00,13.74
7/1/2016,12:00:00,14.29
7/1/2016,13:00:00,14.71
7/1/2016,14:00:00,15.06
7/1/2016,15:00:00,15.26
7/1/2016,16:00:00,15.33
7/1/2016,17:00:00,15.18
7/1/2016,18:00:00,14.86
7/1/2016,19:00:00,14.5
7/1/2016,20:00:00,14.04
7/1/2016,21:00:00,13.68
7/1/2016,22:00:00,13.37
7/1/2016,23:00:00,13.11
7/2/2016,0:00:00,12.98
7/2/2016,1:00:00,12.97
7/2/2016,2:00:00,12.88
7/2/2016,3:00:00,12.87
7/2/2016,4:00:00,12.82
7/2/2016,5:00:00,12.71
7/2/2016,6:00:00,12.54
7/2/2016,7:00:00,12.58
7/2/2016,8:00:00,12.75
7/2/2016,9:00:00,13.05
7/2/2016,10:00:00,13.45
7/2/2016,11:00:00,13.93
7/2/2016,12:00:00,14.31
7/2/2016,13:00:00,14.79
7/2/2016,14:00:00,15.12
7/2/2016,15:00:00,15.38
7/2/2016,16:00:00,15.41
7/2/2016,17:00:00,15.25
7/2/2016,18:00:00,15.11
7/2/2016,19:00:00,14.83
7/2/2016,20:00:00,14.38
7/2/2016,21:00:00,13.93
7/2/2016,22:00:00,13.49
7/2/2016,23:00:00,13.26
7/3/2016,0:00:00,13.14
7/3/2016,1:00:00,13.02
7/3/2016,2:00:00,13.01
7/3/2016,3:00:00,12.84
7/3/2016,4:00:00,12.8
7/3/2016,5:00:00,12.93
7/3/2016,6:00:00,12.89
7/3/2016,7:00:00,12.83
7/3/2016,8:00:00,12.88
7/3/2016,9:00:00,13.13
7/3/2016,10:00:00,13.39
7/3/2016,11:00:00,13.69
7/3/2016,12:00:00,14.14
7/3/2016,13:00:00,14.57
7/3/2016,14:00:00,15
7/3/2016,15:00:00,15.33
7/3/2016,16:00:00,15.35
7/3/2016,17:00:00,15.2
7/3/2016,18:00:00,14.97
7/3/2016,19:00:00,14.65
7/3/2016,20:00:00,14.12
7/3/2016,21:00:00,13.71
7/3/2016,22:00:00,13.45
7/3/2016,23:00:00,13.17
7/4/2016,0:00:00,12.95
7/4/2016,1:00:00,12.91
7/4/2016,2:00:00,12.9
7/4/2016,3:00:00,12.79
7/4/2016,4:00:00,12.73
7/4/2016,5:00:00,12.69
7/4/2016,6:00:00,12.63
7/4/2016,7:00:00,12.66
7/4/2016,8:00:00,12.79
7/4/2016,9:00:00,12.93
7/4/2016,10:00:00,13.26
7/4/2016,11:00:00,13.7
7/4/2016,12:00:00,14.14
7/4/2016,13:00:00,14.62
7/4/2016,14:00:00,15.02
7/4/2016,15:00:00,15.29
7/4/2016,16:00:00,15.3
7/4/2016,17:00:00,15.2
7/4/2016,18:00:00,14.95
7/4/2016,19:00:00,14.54
7/4/2016,20:00:00,14.11
7/4/2016,21:00:00,13.75
7/4/2016,22:00:00,13.46
7/4/2016,23:00:00,13.28
7/5/2016,0:00:00,13.18
7/5/2016,1:00:00,13.03
7/5/2016,2:00:00,13
7/5/2016,3:00:00,13.04
7/5/2016,4:00:00,12.89
7/5/2016,5:00:00,12.81
7/5/2016,6:00:00,12.84
7/5/2016,7:00:00,12.84
7/5/2016,8:00:00,12.86
7/5/2016,9:00:00,13.07
7/5/2016,10:00:00,13.32
7/5/2016,11:00:00,13.72
7/5/2016,12:00:00,14.03
7/5/2016,13:00:00,14.45
7/5/2016,14:00:00,14.94
7/5/2016,15:00:00,15.23
7/5/2016,16:00:00,15.34
7/5/2016,17:00:00,15.28
7/5/2016,18:00:00,15.15
7/5/2016,19:00:00,14.79
7/5/2016,20:00:00,14.27
7/5/2016,21:00:00,13.93
7/5/2016,22:00:00,13.7
7/5/2016,23:00:00,13.39
7/6/2016,0:00:00,13.09
7/6/2016,1:00:00,13.14
7/6/2016,2:00:00,13.32
7/6/2016,3:00:00,13.18
7/6/2016,4:00:00,13.1
7/6/2016,5:00:00,13.05
7/6/2016,6:00:00,13.04
7/6/2016,7:00:00,13.04
7/6/2016,8:00:00,13.06
7/6/2016,9:00:00,13.33
7/6/2016,10:00:00,13.65
7/6/2016,11:00:00,13.98
7/6/2016,12:00:00,14.41
7/6/2016,13:00:00,14.73
7/6/2016,14:00:00,15.1
7/6/2016,15:00:00,15.23
7/6/2016,16:00:00,15.35
7/6/2016,17:00:00,15.24
7/6/2016,18:00:00,15.08
7/6/2016,19:00:00,14.68
7/6/2016,20:00:00,14.25
7/6/2016,21:00:00,13.9
7/6/2016,22:00:00,13.59
7/6/2016,23:00:00,13.29
7/7/2016,0:00:00,13.27
7/7/2016,1:00:00,13.35
7/7/2016,2:00:00,13.46
7/7/2016,3:00:00,13.42
7/7/2016,4:00:00,13.24
7/7/2016,5:00:00,13.18
7/7/2016,6:00:00,13.05
7/7/2016,7:00:00,12.97
7/7/2016,8:00:00,12.99
7/7/2016,9:00:00,13.2
7/7/2016,10:00:00,13.57
7/7/2016,11:00:00,14.02
7/7/2016,12:00:00,14.45
7/7/2016,13:00:00,14.78
7/7/2016,14:00:00,15.2
7/7/2016,15:00:00,15.44
7/7/2016,16:00:00,15.36
7/7/2016,17:00:00,15.22
7/7/2016,18:00:00,14.87
7/7/2016,19:00:00,14.5
7/7/2016,20:00:00,14.14
7/7/2016,21:00:00,13.88
7/7/2016,22:00:00,13.73
7/7/2016,23:00:00,13.59
7/8/2016,0:00:00,13.63
7/8/2016,1:00:00,13.79
7/8/2016,2:00:00,13.77
7/8/2016,3:00:00,14.08
7/8/2016,4:00:00,14.58
7/8/2016,5:00:00,14.46
7/8/2016,6:00:00,14.18
7/8/2016,7:00:00,13.98
7/8/2016,8:00:00,14.04
7/8/2016,9:00:00,14.03
7/8/2016,10:00:00,13.9
7/8/2016,11:00:00,14.15
7/8/2016,12:00:00,14.08
7/8/2016,13:00:00,14.11
7/8/2016,14:00:00,14.22
7/8/2016,15:00:00,14.18
7/8/2016,16:00:00,14.3
7/8/2016,17:00:00,14.29
7/8/2016,18:00:00,14.23
7/8/2016,19:00:00,14.21
7/8/2016,20:00:00,14.13
7/8/2016,21:00:00,13.91
7/8/2016,22:00:00,13.78
7/8/2016,23:00:00,13.67
7/9/2016,0:00:00,13.59
7/9/2016,1:00:00,13.58
7/9/2016,2:00:00,13.7
7/9/2016,3:00:00,13.6
7/9/2016,4:00:00,13.4
7/9/2016,5:00:00,13.36
7/9/2016,6:00:00,13.47
7/9/2016,7:00:00,13.57
7/9/2016,8:00:00,13.57
7/9/2016,9:00:00,13.68
7/9/2016,10:00:00,13.95
7/9/2016,11:00:00,14.34
7/9/2016,12:00:00,14.63
7/9/2016,13:00:00,14.9
7/9/2016,14:00:00,15.03
7/9/2016,15:00:00,15.29
7/9/2016,16:00:00,15.38
7/9/2016,17:00:00,15.56
7/9/2016,18:00:00,15.35
7/9/2016,19:00:00,14.94
7/9/2016,20:00:00,14.51
7/9/2016,21:00:00,14.06
7/9/2016,22:00:00,13.73
7/9/2016,23:00:00,13.54
7/10/2016,0:00:00,13.53
7/10/2016,1:00:00,13.69
7/10/2016,2:00:00,13.79
7/10/2016,3:00:00,13.86
7/10/2016,4:00:00,13.83
7/10/2016,5:00:00,13.91
7/10/2016,6:00:00,13.72
7/10/2016,7:00:00,13.62
7/10/2016,8:00:00,13.51
7/10/2016,9:00:00,13.7
7/10/2016,10:00:00,13.7
7/10/2016,11:00:00,14.09
7/10/2016,12:00:00,14.74
7/10/2016,13:00:00,15.23
7/10/2016,14:00:00,15.47
7/10/2016,15:00:00,15.63
7/10/2016,16:00:00,15.15
7/10/2016,17:00:00,15.15
7/10/2016,18:00:00,15.13
7/10/2016,19:00:00,15.09
7/10/2016,20:00:00,15.09
7/10/2016,21:00:00,15.04
7/10/2016,22:00:00,14.69
7/10/2016,23:00:00,14.59
7/11/2016,0:00:00,14.68
7/11/2016,1:00:00,14.68
7/11/2016,2:00:00,14.59
7/11/2016,3:00:00,14.47
7/11/2016,4:00:00,14.37
7/11/2016,5:00:00,14.36
7/11/2016,6:00:00,14.37
7/11/2016,7:00:00,14.25
7/11/2016,8:00:00,14.18
7/11/2016,9:00:00,14.22
7/11/2016,10:00:00,14.46
7/11/2016,11:00:00,14.86
7/11/2016,12:00:00,15.08
7/11/2016,13:00:00,15.34
7/11/2016,14:00:00,15.76
7/11/2016,15:00:00,16.04
7/11/2016,16:00:00,16.12
7/11/2016,17:00:00,16.14
7/11/2016,18:00:00,15.82
7/11/2016,19:00:00,15.33
7/11/2016,20:00:00,14.87
7/11/2016,21:00:00,14.33
7/11/2016,22:00:00,13.89
7/11/2016,23:00:00,13.65
7/12/2016,0:00:00,13.54
7/12/2016,1:00:00,13.68
7/12/2016,2:00:00,13.65
7/12/2016,3:00:00,13.74
7/12/2016,4:00:00,13.81
7/12/2016,5:00:00,13.84
7/12/2016,6:00:00,13.87
7/12/2016,7:00:00,13.91
7/12/2016,8:00:00,13.86
7/12/2016,9:00:00,13.83
7/12/2016,10:00:00,14.22
7/12/2016,11:00:00,14.73
7/12/2016,12:00:00,15.21
7/12/2016,13:00:00,15.8
7/12/2016,14:00:00,16.02
7/12/2016,15:00:00,16.2
7/12/2016,16:00:00,16.23
7/12/2016,17:00:00,16.17
7/12/2016,18:00:00,15.91
7/12/2016,19:00:00,15.5
7/12/2016,20:00:00,15.01
7/12/2016,21:00:00,14.5
7/12/2016,22:00:00,14.24
7/12/2016,23:00:00,14.06
7/13/2016,0:00:00,13.86
7/13/2016,1:00:00,13.7
7/13/2016,2:00:00,13.7
7/13/2016,3:00:00,13.8
7/13/2016,4:00:00,13.72
7/13/2016,5:00:00,13.75
7/13/2016,6:00:00,13.75
7/13/2016,7:00:00,13.61
7/13/2016,8:00:00,13.62
7/13/2016,9:00:00,13.71
7/13/2016,10:00:00,13.93
7/13/2016,11:00:00,14.29
7/13/2016,12:00:00,14.75
7/13/2016,13:00:00,15.21
7/13/2016,14:00:00,15.62
7/13/2016,15:00:00,16.07
7/13/2016,16:00:00,16.32
7/13/2016,17:00:00,16.24
7/13/2016,18:00:00,15.99
7/13/2016,19:00:00,15.59
7/13/2016,20:00:00,15.06
7/13/2016,21:00:00,14.46
7/13/2016,22:00:00,14.04
7/13/2016,23:00:00,13.74
7/14/2016,0:00:00,13.51
7/14/2016,1:00:00,13.35
7/14/2016,2:00:00,13.27
7/14/2016,3:00:00,13.36
7/14/2016,4:00:00,13.32
7/14/2016,5:00:00,13.27
7/14/2016,6:00:00,13.38
7/14/2016,7:00:00,13.48
7/14/2016,8:00:00,13.56
7/14/2016,9:00:00,13.59
7/14/2016,10:00:00,13.94
7/14/2016,11:00:00,14.48
7/14/2016,12:00:00,14.91
7/14/2016,13:00:00,15.51
7/14/2016,14:00:00,15.97
7/14/2016,15:00:00,16.28
7/14/2016,16:00:00,16.33
7/14/2016,17:00:00,16.3
7/14/2016,18:00:00,16.2
7/14/2016,19:00:00,15.86
7/14/2016,20:00:00,15.24
7/14/2016,21:00:00,14.58
7/14/2016,22:00:00,14.07
7/14/2016,23:00:00,13.79
7/15/2016,0:00:00,13.51
7/15/2016,1:00:00,13.39
7/15/2016,2:00:00,13.28
7/15/2016,3:00:00,13.34
7/15/2016,4:00:00,13.71
7/15/2016,5:00:00,13.78
7/15/2016,6:00:00,13.67
7/15/2016,7:00:00,13.49
7/15/2016,8:00:00,13.41
7/15/2016,9:00:00,13.68
7/15/2016,10:00:00,14.07
7/15/2016,11:00:00,14.32
7/15/2016,12:00:00,14.77
7/15/2016,13:00:00,15.21
7/15/2016,14:00:00,15.6
7/15/2016,15:00:00,15.96
7/15/2016,16:00:00,16.14
7/15/2016,17:00:00,15.98
7/15/2016,18:00:00,15.77
7/15/2016,19:00:00,15.36
7/15/2016,20:00:00,14.82
7/15/2016,21:00:00,14.24
7/15/2016,22:00:00,13.85
7/15/2016,23:00:00,13.64
7/16/2016,0:00:00,13.41
7/16/2016,1:00:00,13.31
7/16/2016,2:00:00,13.36
7/16/2016,3:00:00,13.52
7/16/2016,4:00:00,13.68
7/16/2016,5:00:00,13.82
7/16/2016,6:00:00,13.81
7/16/2016,7:00:00,13.68
7/16/2016,8:00:00,13.73
7/16/2016,9:00:00,13.82
7/16/2016,10:00:00,13.98
7/16/2016,11:00:00,14.33
7/16/2016,12:00:00,14.83
7/16/2016,13:00:00,15.28
7/16/2016,14:00:00,15.62
7/16/2016,15:00:00,15.9
7/16/2016,16:00:00,16.04
7/16/2016,17:00:00,15.96
7/16/2016,18:00:00,15.76
7/16/2016,19:00:00,15.43
7/16/2016,20:00:00,14.92
7/16/2016,21:00:00,14.31
7/16/2016,22:00:00,13.86
7/16/2016,23:00:00,13.58
7/17/2016,0:00:00,13.35
7/17/2016,1:00:00,13.33
7/17/2016,2:00:00,13.3
7/17/2016,3:00:00,13.4
7/17/2016,4:00:00,13.62
7/17/2016,5:00:00,13.72
7/17/2016,6:00:00,13.8
7/17/2016,7:00:00,13.79
7/17/2016,8:00:00,13.78
7/17/2016,9:00:00,13.95
7/17/2016,10:00:00,14.19
7/17/2016,11:00:00,14.51
7/17/2016,12:00:00,14.96
7/17/2016,13:00:00,15.36
7/17/2016,14:00:00,15.61
7/17/2016,15:00:00,15.76
7/17/2016,16:00:00,16.05
7/17/2016,17:00:00,15.95
7/17/2016,18:00:00,15.56
7/17/2016,19:00:00,15.23
7/17/2016,20:00:00,14.88
7/17/2016,21:00:00,14.51
7/17/2016,22:00:00,14.07
7/17/2016,23:00:00,13.73
7/18/2016,0:00:00,13.54
7/18/2016,1:00:00,13.47
7/18/2016,2:00:00,13.47
7/18/2016,3:00:00,13.53
7/18/2016,4:00:00,13.66
7/18/2016,5:00:00,13.72
7/18/2016,6:00:00,13.55
7/18/2016,7:00:00,13.43
7/18/2016,8:00:00,13.35
7/18/2016,9:00:00,13.43
7/18/2016,10:00:00,13.71
7/18/2016,11:00:00,14.09
7/18/2016,12:00:00,14.42
7/18/2016,13:00:00,14.71
7/18/2016,14:00:00,15.01
7/18/2016,15:00:00,15.3
7/18/2016,16:00:00,15.43
7/18/2016,17:00:00,15.84
7/18/2016,18:00:00,15.15
7/18/2016,19:00:00,14.97
7/18/2016,20:00:00,14.68
7/18/2016,21:00:00,14.36
7/18/2016,22:00:00,13.99
7/18/2016,23:00:00,13.8
7/19/2016,0:00:00,13.72
7/19/2016,1:00:00,13.58
7/19/2016,2:00:00,13.53
7/19/2016,3:00:00,13.82
7/19/2016,4:00:00,13.93
7/19/2016,5:00:00,13.77
7/19/2016,6:00:00,13.53
7/19/2016,7:00:00,13.37
7/19/2016,8:00:00,13.34
7/19/2016,9:00:00,13.48
7/19/2016,10:00:00,13.62
7/19/2016,11:00:00,13.81
7/19/2016,12:00:00,14.22
7/19/2016,13:00:00,14.77
7/19/2016,14:00:00,15.17
7/19/2016,15:00:00,15.39
7/19/2016,16:00:00,15.6
7/19/2016,17:00:00,15.7
7/19/2016,18:00:00,15.53
7/19/2016,19:00:00,15.18
7/19/2016,20:00:00,14.65
7/19/2016,21:00:00,14.18
7/19/2016,22:00:00,13.98
7/19/2016,23:00:00,13.84
7/20/2016,0:00:00,13.61
7/20/2016,1:00:00,13.41
7/20/2016,2:00:00,13.44
7/20/2016,3:00:00,13.66
7/20/2016,4:00:00,13.62
7/20/2016,5:00:00,13.51
7/20/2016,6:00:00,13.44
7/20/2016,7:00:00,13.32
7/20/2016,8:00:00,13.35
7/20/2016,9:00:00,13.53
7/20/2016,10:00:00,13.92
7/20/2016,11:00:00,14.31
7/20/2016,12:00:00,14.7
7/20/2016,13:00:00,15.13
7/20/2016,14:00:00,15.63
7/20/2016,15:00:00,15.85
7/20/2016,16:00:00,15.84
7/20/2016,17:00:00,15.62
7/20/2016,18:00:00,15.29
7/20/2016,19:00:00,15.21
7/20/2016,20:00:00,14.94
7/20/2016,21:00:00,14.5
7/20/2016,22:00:00,14.03
7/20/2016,23:00:00,13.81
7/21/2016,0:00:00,13.67
7/21/2016,1:00:00,13.53
7/21/2016,2:00:00,13.48
7/21/2016,3:00:00,13.54
7/21/2016,4:00:00,13.58
7/21/2016,5:00:00,13.52
7/21/2016,6:00:00,13.49
7/21/2016,7:00:00,13.54
7/21/2016,8:00:00,13.53
7/21/2016,9:00:00,13.59
7/21/2016,10:00:00,13.96
7/21/2016,11:00:00,14.45
7/21/2016,12:00:00,15.03
7/21/2016,13:00:00,15.47
7/21/2016,14:00:00,15.9
7/21/2016,15:00:00,16.18
7/21/2016,16:00:00,16.27
7/21/2016,17:00:00,16.25
7/21/2016,18:00:00,15.99
7/21/2016,19:00:00,15.56
7/21/2016,20:00:00,15.08
7/21/2016,21:00:00,14.65
7/21/2016,22:00:00,14.28
7/21/2016,23:00:00,14
7/22/2016,0:00:00,13.84
7/22/2016,1:00:00,13.76
7/22/2016,2:00:00,13.89
7/22/2016,3:00:00,14.26
7/22/2016,4:00:00,14.54
7/22/2016,5:00:00,14.82
7/22/2016,6:00:00,14.99
7/22/2016,7:00:00,15.19
7/22/2016,8:00:00,15.29
7/22/2016,9:00:00,15.35
7/22/2016,10:00:00,15.56
7/22/2016,11:00:00,15.73
7/22/2016,12:00:00,16.01
7/22/2016,13:00:00,16.34
7/22/2016,14:00:00,16.55
7/22/2016,15:00:00,16.83
7/22/2016,16:00:00,16.88
7/22/2016,17:00:00,16.63
7/22/2016,18:00:00,16.28
7/22/2016,19:00:00,15.91
7/22/2016,20:00:00,15.41
7/22/2016,21:00:00,14.9
7/22/2016,22:00:00,14.5
7/22/2016,23:00:00,14.24
7/23/2016,0:00:00,14.01
7/23/2016,1:00:00,13.94
7/23/2016,2:00:00,13.87
7/23/2016,3:00:00,13.89
7/23/2016,4:00:00,14.01
7/23/2016,5:00:00,14.05
7/23/2016,6:00:00,14.05
7/23/2016,7:00:00,13.96
7/23/2016,8:00:00,13.9
7/23/2016,9:00:00,14.06
7/23/2016,10:00:00,14.41
7/23/2016,11:00:00,15
7/23/2016,12:00:00,15.44
7/23/2016,13:00:00,15.84
7/23/2016,14:00:00,16.21
7/23/2016,15:00:00,16.46
7/23/2016,16:00:00,16.52
7/23/2016,17:00:00,16.48
7/23/2016,18:00:00,16.39
7/23/2016,19:00:00,16.05
7/23/2016,20:00:00,15.47
7/23/2016,21:00:00,14.93
7/23/2016,22:00:00,14.5
7/23/2016,23:00:00,14.23
7/24/2016,0:00:00,14.03
7/24/2016,1:00:00,14
7/24/2016,2:00:00,13.98
7/24/2016,3:00:00,13.98
7/24/2016,4:00:00,14
7/24/2016,5:00:00,14.09
7/24/2016,6:00:00,14.13
7/24/2016,7:00:00,13.99
7/24/2016,8:00:00,13.9
7/24/2016,9:00:00,14.19
7/24/2016,10:00:00,14.7
7/24/2016,11:00:00,15.2
7/24/2016,12:00:00,15.53
7/24/2016,13:00:00,15.97
7/24/2016,14:00:00,16.4
7/24/2016,15:00:00,16.75
7/24/2016,16:00:00,16.8
7/24/2016,17:00:00,16.71
7/24/2016,18:00:00,16.49
7/24/2016,19:00:00,16.19
7/24/2016,20:00:00,15.71
7/24/2016,21:00:00,15.2
7/24/2016,22:00:00,14.81
7/24/2016,23:00:00,14.47
7/25/2016,0:00:00,14.27
7/25/2016,1:00:00,14.12
7/25/2016,2:00:00,14.08
7/25/2016,3:00:00,13.98
7/25/2016,4:00:00,14.01
7/25/2016,5:00:00,14.08
7/25/2016,6:00:00,14.08
7/25/2016,7:00:00,14.07
7/25/2016,8:00:00,14.15
7/25/2016,9:00:00,14.43
7/25/2016,10:00:00,14.8
7/25/2016,11:00:00,15.3
7/25/2016,12:00:00,15.73
7/25/2016,13:00:00,16.14
7/25/2016,14:00:00,16.5
7/25/2016,15:00:00,16.82
7/25/2016,16:00:00,16.9
7/25/2016,17:00:00,16.88
7/25/2016,18:00:00,16.68
7/25/2016,19:00:00,16.3
7/25/2016,20:00:00,15.77
7/25/2016,21:00:00,15.34
7/25/2016,22:00:00,15
7/25/2016,23:00:00,14.71
7/26/2016,0:00:00,14.57
7/26/2016,1:00:00,14.4
7/26/2016,2:00:00,14.57
7/26/2016,3:00:00,14.66
7/26/2016,4:00:00,14.62
7/26/2016,5:00:00,14.61
7/26/2016,6:00:00,14.68
7/26/2016,7:00:00,14.79
7/26/2016,8:00:00,14.89
7/26/2016,9:00:00,15.05
7/26/2016,10:00:00,15.28
7/26/2016,11:00:00,15.65
7/26/2016,12:00:00,15.99
7/26/2016,13:00:00,16.35
7/26/2016,14:00:00,16.67
7/26/2016,15:00:00,16.92
7/26/2016,16:00:00,16.92
7/26/2016,17:00:00,16.88
7/26/2016,18:00:00,16.7
7/26/2016,19:00:00,16.31
7/26/2016,20:00:00,15.83
7/26/2016,21:00:00,15.36
7/26/2016,22:00:00,14.94
7/26/2016,23:00:00,14.62
7/27/2016,0:00:00,14.41
7/27/2016,1:00:00,14.3
7/27/2016,2:00:00,14.34
7/27/2016,3:00:00,14.27
7/27/2016,4:00:00,14.19
7/27/2016,5:00:00,14.12
7/27/2016,6:00:00,14.12
7/27/2016,7:00:00,14.12
7/27/2016,8:00:00,14.2
7/27/2016,9:00:00,14.48
7/27/2016,10:00:00,14.96
7/27/2016,11:00:00,15.33
7/27/2016,12:00:00,15.65
7/27/2016,13:00:00,16.12
7/27/2016,14:00:00,16.59
7/27/2016,15:00:00,16.86
7/27/2016,16:00:00,16.88
7/27/2016,17:00:00,16.78
7/27/2016,18:00:00,16.62
7/27/2016,19:00:00,16.3
7/27/2016,20:00:00,15.84
7/27/2016,21:00:00,15.32
7/27/2016,22:00:00,14.91
7/27/2016,23:00:00,14.68
7/28/2016,0:00:00,14.6
7/28/2016,1:00:00,14.48
7/28/2016,2:00:00,14.45
7/28/2016,3:00:00,14.41
7/28/2016,4:00:00,14.38
7/28/2016,5:00:00,14.31
7/28/2016,6:00:00,14.3
7/28/2016,7:00:00,14.34
7/28/2016,8:00:00,14.34
7/28/2016,9:00:00,14.64
7/28/2016,10:00:00,14.96
7/28/2016,11:00:00,15.27
7/28/2016,12:00:00,15.67
7/28/2016,13:00:00,16.09
7/28/2016,14:00:00,16.49
7/28/2016,15:00:00,16.77
7/28/2016,16:00:00,16.95
7/28/2016,17:00:00,16.97
7/28/2016,18:00:00,16.75
7/28/2016,19:00:00,16.42
7/28/2016,20:00:00,15.93
7/28/2016,21:00:00,15.49
7/28/2016,22:00:00,15.11
7/28/2016,23:00:00,14.86
7/29/2016,0:00:00,14.7
7/29/2016,1:00:00,14.6
7/29/2016,2:00:00,14.57
7/29/2016,3:00:00,14.46
7/29/2016,4:00:00,14.41
7/29/2016,5:00:00,14.47
7/29/2016,6:00:00,14.51
7/29/2016,7:00:00,14.33
7/29/2016,8:00:00,14.47
7/29/2016,9:00:00,14.72
7/29/2016,10:00:00,15.02
7/29/2016,11:00:00,15.41
7/29/2016,12:00:00,15.75
7/29/2016,13:00:00,16.15
7/29/2016,14:00:00,16.56
7/29/2016,15:00:00,16.89
7/29/2016,16:00:00,16.99
7/29/2016,17:00:00,16.93
7/29/2016,18:00:00,16.79
7/29/2016,19:00:00,16.44
7/29/2016,20:00:00,15.99
7/29/2016,21:00:00,15.48
7/29/2016,22:00:00,15.18
7/29/2016,23:00:00,15.03
7/30/2016,0:00:00,14.86
7/30/2016,1:00:00,14.73
7/30/2016,2:00:00,14.76
7/30/2016,3:00:00,14.78
7/30/2016,4:00:00,14.81
7/30/2016,5:00:00,14.69
7/30/2016,6:00:00,14.65
7/30/2016,7:00:00,14.71
7/30/2016,8:00:00,14.71
7/30/2016,9:00:00,14.86
7/30/2016,10:00:00,15.16
7/30/2016,11:00:00,15.51
7/30/2016,12:00:00,15.92
7/30/2016,13:00:00,16.35
7/30/2016,14:00:00,16.72
7/30/2016,15:00:00,16.93
7/30/2016,16:00:00,17.02
7/30/2016,17:00:00,17.01
7/30/2016,18:00:00,16.84
7/30/2016,19:00:00,16.45
7/30/2016,20:00:00,16
7/30/2016,21:00:00,15.53
7/30/2016,22:00:00,15.15
7/30/2016,23:00:00,14.92
7/31/2016,0:00:00,14.79
7/31/2016,1:00:00,14.77
7/31/2016,2:00:00,14.72
7/31/2016,3:00:00,14.76
7/31/2016,4:00:00,14.92
7/31/2016,5:00:00,14.84
7/31/2016,6:00:00,14.88
7/31/2016,7:00:00,14.79
7/31/2016,8:00:00,14.83
7/31/2016,9:00:00,14.76
7/31/2016,10:00:00,14.98
7/31/2016,11:00:00,15.49
7/31/2016,12:00:00,15.86
7/31/2016,13:00:00,16.36
7/31/2016,14:00:00,16.85
7/31/2016,15:00:00,17.09
7/31/2016,16:00:00,17.05
7/31/2016,17:00:00,16.93
7/31/2016,18:00:00,16.69
7/31/2016,19:00:00,16.39
7/31/2016,20:00:00,16.06
7/31/2016,21:00:00,15.63
7/31/2016,22:00:00,15.23
7/31/2016,23:00:00,15.04
8/1/2016,0:00:00,14.91
8/1/2016,1:00:00,14.84
8/1/2016,2:00:00,14.92
8/1/2016,3:00:00,14.87
8/1/2016,4:00:00,14.8
8/1/2016,5:00:00,14.87
8/1/2016,6:00:00,14.86
8/1/2016,7:00:00,14.81
8/1/2016,8:00:00,15.04
8/1/2016,9:00:00,15.27
8/1/2016,10:00:00,15.62
8/1/2016,11:00:00,15.94
8/1/2016,12:00:00,16.11
8/1/2016,13:00:00,16.54
8/1/2016,14:00:00,16.94
8/1/2016,15:00:00,17.22
8/1/2016,16:00:00,17.28
8/1/2016,17:00:00,17.17
8/1/2016,18:00:00,16.93
8/1/2016,19:00:00,16.57
8/1/2016,20:00:00,16.14
8/1/2016,21:00:00,15.8
8/1/2016,22:00:00,15.51
8/1/2016,23:00:00,15.25
8/2/2016,0:00:00,15.15
8/2/2016,1:00:00,15.07
8/2/2016,2:00:00,15.09
8/2/2016,3:00:00,15.18
8/2/2016,4:00:00,15.09
8/2/2016,5:00:00,15.12
8/2/2016,6:00:00,15.11
8/2/2016,7:00:00,15.2
8/2/2016,8:00:00,15.25
8/2/2016,9:00:00,15.46
8/2/2016,10:00:00,15.67
8/2/2016,11:00:00,15.9
8/2/2016,12:00:00,16.33
8/2/2016,13:00:00,16.79
8/2/2016,14:00:00,17.05
8/2/2016,15:00:00,17.14
8/2/2016,16:00:00,17.21
8/2/2016,17:00:00,17.22
8/2/2016,18:00:00,16.93
8/2/2016,19:00:00,16.61
8/2/2016,20:00:00,16.15
8/2/2016,21:00:00,15.9
8/2/2016,22:00:00,15.77
8/2/2016,23:00:00,15.74
8/3/2016,0:00:00,15.66
8/3/2016,1:00:00,15.58
8/3/2016,2:00:00,15.54
8/3/2016,3:00:00,15.56
8/3/2016,4:00:00,15.59
8/3/2016,5:00:00,15.58
8/3/2016,6:00:00,15.47
8/3/2016,7:00:00,15.38
8/3/2016,8:00:00,15.23
8/3/2016,9:00:00,15.2
8/3/2016,10:00:00,15.45
8/3/2016,11:00:00,15.94
8/3/2016,12:00:00,16.34
8/3/2016,13:00:00,16.7
8/3/2016,14:00:00,17.01
8/3/2016,15:00:00,17.37
8/3/2016,16:00:00,17.55
8/3/2016,17:00:00,17.45
8/3/2016,18:00:00,17.29
8/3/2016,19:00:00,16.85
8/3/2016,20:00:00,16.36
8/3/2016,21:00:00,15.93
8/3/2016,22:00:00,15.57
8/3/2016,23:00:00,15.35
8/4/2016,0:00:00,15.16
8/4/2016,1:00:00,15.02
8/4/2016,2:00:00,15.01
8/4/2016,3:00:00,14.93
8/4/2016,4:00:00,14.84
8/4/2016,5:00:00,14.87
8/4/2016,6:00:00,14.88
8/4/2016,7:00:00,14.87
8/4/2016,8:00:00,14.9
8/4/2016,9:00:00,15.1
8/4/2016,10:00:00,15.47
8/4/2016,11:00:00,16.01
8/4/2016,12:00:00,16.59
8/4/2016,13:00:00,17.21
8/4/2016,14:00:00,17.69
8/4/2016,15:00:00,18
8/4/2016,16:00:00,18.14
8/4/2016,17:00:00,18.09
8/4/2016,18:00:00,17.91
8/4/2016,19:00:00,17.58
8/4/2016,20:00:00,17.06
8/4/2016,21:00:00,16.55
8/4/2016,22:00:00,16.22
8/4/2016,23:00:00,16.05
8/5/2016,0:00:00,15.89
8/5/2016,1:00:00,15.78
8/5/2016,2:00:00,15.64
8/5/2016,3:00:00,15.55
8/5/2016,4:00:00,15.56
8/5/2016,5:00:00,15.49
8/5/2016,6:00:00,15.45
8/5/2016,7:00:00,15.47
8/5/2016,8:00:00,15.59
8/5/2016,9:00:00,15.79
8/5/2016,10:00:00,16.09
8/5/2016,11:00:00,16.49
8/5/2016,12:00:00,16.87
8/5/2016,13:00:00,17.34
8/5/2016,14:00:00,17.97
8/5/2016,15:00:00,18.21
8/5/2016,16:00:00,18.36
8/5/2016,17:00:00,18.36
8/5/2016,18:00:00,18.17
8/5/2016,19:00:00,17.68
8/5/2016,20:00:00,17.16
8/5/2016,21:00:00,16.69
8/5/2016,22:00:00,16.43
8/5/2016,23:00:00,16.18
8/6/2016,0:00:00,16.08
8/6/2016,1:00:00,16.04
8/6/2016,2:00:00,16.12
8/6/2016,3:00:00,16.17
8/6/2016,4:00:00,16.14
8/6/2016,5:00:00,16.07
8/6/2016,6:00:00,16.07
8/6/2016,7:00:00,16.13
8/6/2016,8:00:00,16.25
8/6/2016,9:00:00,16.31
8/6/2016,10:00:00,16.34
8/6/2016,11:00:00,16.52
8/6/2016,12:00:00,16.88
8/6/2016,13:00:00,17.31
8/6/2016,14:00:00,17.68
8/6/2016,15:00:00,17.86
8/6/2016,16:00:00,17.86
8/6/2016,17:00:00,17.81
8/6/2016,18:00:00,17.62
8/6/2016,19:00:00,17.26
8/6/2016,20:00:00,16.8
8/6/2016,21:00:00,16.27
8/6/2016,22:00:00,15.9
8/6/2016,23:00:00,15.71
8/7/2016,0:00:00,15.64
8/7/2016,1:00:00,15.7
8/7/2016,2:00:00,15.7
8/7/2016,3:00:00,15.8
8/7/2016,4:00:00,15.9
8/7/2016,5:00:00,15.87
8/7/2016,6:00:00,15.83
8/7/2016,7:00:00,15.75
8/7/2016,8:00:00,15.76
8/7/2016,9:00:00,15.92
8/7/2016,10:00:00,16.14
8/7/2016,11:00:00,16.47
8/7/2016,12:00:00,16.82
8/7/2016,13:00:00,17.16
8/7/2016,14:00:00,17.45
8/7/2016,15:00:00,17.77
8/7/2016,16:00:00,17.9
8/7/2016,17:00:00,17.76
8/7/2016,18:00:00,17.45
8/7/2016,19:00:00,17.09
8/7/2016,20:00:00,16.75
8/7/2016,21:00:00,16.55
8/7/2016,22:00:00,16.4
8/7/2016,23:00:00,16.32
8/8/2016,0:00:00,16.32
8/8/2016,1:00:00,16.43
8/8/2016,2:00:00,16.58
8/8/2016,3:00:00,16.7
8/8/2016,4:00:00,16.74
8/8/2016,5:00:00,16.7
8/8/2016,6:00:00,16.54
8/8/2016,7:00:00,16.46
8/8/2016,8:00:00,16.47
8/8/2016,9:00:00,16.46
8/8/2016,10:00:00,16.46
8/8/2016,11:00:00,16.53
8/8/2016,12:00:00,16.63
8/8/2016,13:00:00,16.94
8/8/2016,14:00:00,17.23
8/8/2016,15:00:00,17.53
8/8/2016,16:00:00,17.59
8/8/2016,17:00:00,17.5
8/8/2016,18:00:00,17.18
8/8/2016,19:00:00,16.77
8/8/2016,20:00:00,16.44
8/8/2016,21:00:00,16.25
8/8/2016,22:00:00,16.2
8/8/2016,23:00:00,16.08
8/9/2016,0:00:00,16.29
8/9/2016,1:00:00,16.3
8/9/2016,2:00:00,16.51
8/9/2016,3:00:00,16.72
8/9/2016,4:00:00,16.75
8/9/2016,5:00:00,16.72
8/9/2016,6:00:00,16.56
8/9/2016,7:00:00,16.43
8/9/2016,8:00:00,16.38
8/9/2016,9:00:00,16.46
8/9/2016,10:00:00,16.58
8/9/2016,11:00:00,16.82
8/9/2016,12:00:00,16.99
8/9/2016,13:00:00,17.34
8/9/2016,14:00:00,17.7
8/9/2016,15:00:00,17.96
8/9/2016,16:00:00,18.03
8/9/2016,17:00:00,18.15
8/9/2016,18:00:00,18.01
8/9/2016,19:00:00,17.74
8/9/2016,20:00:00,17.35
8/9/2016,21:00:00,16.94
8/9/2016,22:00:00,16.62
8/9/2016,23:00:00,16.36
8/10/2016,0:00:00,16.23
8/10/2016,1:00:00,16.21
8/10/2016,2:00:00,16.21
8/10/2016,3:00:00,16.25
8/10/2016,4:00:00,16.24
8/10/2016,5:00:00,16.24
8/10/2016,6:00:00,16.18
8/10/2016,7:00:00,16.19
8/10/2016,8:00:00,16.2
8/10/2016,9:00:00,16.31
8/10/2016,10:00:00,16.48
8/10/2016,11:00:00,16.71
8/10/2016,12:00:00,17.02
8/10/2016,13:00:00,17.3
8/10/2016,14:00:00,17.62
8/10/2016,15:00:00,17.88
8/10/2016,16:00:00,17.96
8/10/2016,17:00:00,17.84
8/10/2016,18:00:00,17.68
8/10/2016,19:00:00,17.43
8/10/2016,20:00:00,17.05
8/10/2016,21:00:00,16.71
8/10/2016,22:00:00,16.39
8/10/2016,23:00:00,16.11
8/11/2016,0:00:00,15.74
8/11/2016,1:00:00,15.5
8/11/2016,2:00:00,15.54
8/11/2016,3:00:00,15.63
8/11/2016,4:00:00,15.74
8/11/2016,5:00:00,15.67
8/11/2016,6:00:00,15.56
8/11/2016,7:00:00,15.52
8/11/2016,8:00:00,15.53
8/11/2016,9:00:00,15.72
8/11/2016,10:00:00,16.01
8/11/2016,11:00:00,16.39
8/11/2016,12:00:00,16.81
8/11/2016,13:00:00,17.19
8/11/2016,14:00:00,17.6
8/11/2016,15:00:00,17.84
8/11/2016,16:00:00,17.8
8/11/2016,17:00:00,17.72
8/11/2016,18:00:00,17.47
8/11/2016,19:00:00,17.13
8/11/2016,20:00:00,16.74
8/11/2016,21:00:00,16.29
8/11/2016,22:00:00,15.94
8/11/2016,23:00:00,15.66
8/12/2016,0:00:00,15.47
8/12/2016,1:00:00,15.29
8/12/2016,2:00:00,15.23
8/12/2016,3:00:00,15.27
8/12/2016,4:00:00,15.24
8/12/2016,5:00:00,15.18
8/12/2016,6:00:00,15.15
8/12/2016,7:00:00,15.1
8/12/2016,8:00:00,15.09
8/12/2016,9:00:00,15.16
8/12/2016,10:00:00,15.36
8/12/2016,11:00:00,15.83
8/12/2016,12:00:00,16.35
8/12/2016,13:00:00,16.81
8/12/2016,14:00:00,17.23
8/12/2016,15:00:00,17.51
8/12/2016,16:00:00,17.5
8/12/2016,17:00:00,17.43
8/12/2016,18:00:00,17.29
8/12/2016,19:00:00,17
8/12/2016,20:00:00,16.6
8/12/2016,21:00:00,16.16
8/12/2016,22:00:00,15.81
8/12/2016,23:00:00,15.56
8/13/2016,0:00:00,15.36
8/13/2016,1:00:00,15.29
8/13/2016,2:00:00,15.25
8/13/2016,3:00:00,15.23
8/13/2016,4:00:00,15.25
8/13/2016,5:00:00,15.18
8/13/2016,6:00:00,15.14
8/13/2016,7:00:00,15.13
8/13/2016,8:00:00,15.18
8/13/2016,9:00:00,15.21
8/13/2016,10:00:00,15.38
8/13/2016,11:00:00,15.78
8/13/2016,12:00:00,16.23
8/13/2016,13:00:00,16.64
8/13/2016,14:00:00,17.05
8/13/2016,15:00:00,17.25
8/13/2016,16:00:00,17.27
8/13/2016,17:00:00,17.23
8/13/2016,18:00:00,17.01
8/13/2016,19:00:00,16.7
8/13/2016,20:00:00,16.31
8/13/2016,21:00:00,15.9
8/13/2016,22:00:00,15.62
8/13/2016,23:00:00,15.34
8/14/2016,0:00:00,15.11
8/14/2016,1:00:00,14.99
8/14/2016,2:00:00,15.11
8/14/2016,3:00:00,15.23
8/14/2016,4:00:00,15.25
8/14/2016,5:00:00,15.18
8/14/2016,6:00:00,15.01
8/14/2016,7:00:00,14.86
8/14/2016,8:00:00,14.78
8/14/2016,9:00:00,14.9
8/14/2016,10:00:00,15.13
8/14/2016,11:00:00,15.41
8/14/2016,12:00:00,15.73
8/14/2016,13:00:00,16.04
8/14/2016,14:00:00,16.27
8/14/2016,15:00:00,16.48
8/14/2016,16:00:00,16.6
8/14/2016,17:00:00,16.54
8/14/2016,18:00:00,16.37
8/14/2016,19:00:00,16.17
8/14/2016,20:00:00,15.9
8/14/2016,21:00:00,15.52
8/14/2016,22:00:00,15.3
8/14/2016,23:00:00,15.25
8/15/2016,0:00:00,15.14
8/15/2016,1:00:00,15.07
8/15/2016,2:00:00,15.12
8/15/2016,3:00:00,15.11
8/15/2016,4:00:00,15.11
8/15/2016,5:00:00,15.17
8/15/2016,6:00:00,15.11
8/15/2016,7:00:00,15.01
8/15/2016,8:00:00,15.04
8/15/2016,9:00:00,15.27
8/15/2016,10:00:00,15.42
8/15/2016,11:00:00,15.7
8/15/2016,12:00:00,16.05
8/15/2016,13:00:00,16.44
8/15/2016,14:00:00,16.77
8/15/2016,15:00:00,17.11
8/15/2016,16:00:00,17.23
8/15/2016,17:00:00,17.21
8/15/2016,18:00:00,16.93
8/15/2016,19:00:00,16.57
8/15/2016,20:00:00,16.21
8/15/2016,21:00:00,15.8
8/15/2016,22:00:00,15.33
8/15/2016,23:00:00,15.05
8/16/2016,0:00:00,14.93
8/16/2016,1:00:00,14.88
8/16/2016,2:00:00,14.86
8/16/2016,3:00:00,14.95
8/16/2016,4:00:00,15.14
8/16/2016,5:00:00,15.15
8/16/2016,6:00:00,15
8/16/2016,7:00:00,14.95
8/16/2016,8:00:00,15.06
8/16/2016,9:00:00,15.28
8/16/2016,10:00:00,15.53
8/16/2016,11:00:00,15.8
8/16/2016,12:00:00,16.12
8/16/2016,13:00:00,16.47
8/16/2016,14:00:00,16.77
8/16/2016,15:00:00,17.15
8/16/2016,16:00:00,17.23
8/16/2016,17:00:00,17.23
8/16/2016,18:00:00,17.08
8/16/2016,19:00:00,16.68
8/16/2016,20:00:00,16.24
8/16/2016,21:00:00,15.78
8/16/2016,22:00:00,15.41
8/16/2016,23:00:00,15.18
8/17/2016,0:00:00,15.04
8/17/2016,1:00:00,15.15
8/17/2016,2:00:00,15.24
8/17/2016,3:00:00,15.34
8/17/2016,4:00:00,15.36
8/17/2016,5:00:00,15.41
8/17/2016,6:00:00,15.56
8/17/2016,7:00:00,15.79
8/17/2016,8:00:00,16.03
8/17/2016,9:00:00,16.25
8/17/2016,10:00:00,16.46
8/17/2016,11:00:00,16.78
8/17/2016,12:00:00,17.03
8/17/2016,13:00:00,17.37
8/17/2016,14:00:00,17.66
8/17/2016,15:00:00,17.9
8/17/2016,16:00:00,17.95
8/17/2016,17:00:00,17.87
8/17/2016,18:00:00,17.57
8/17/2016,19:00:00,17.15
8/17/2016,20:00:00,16.65
8/17/2016,21:00:00,16.2
8/17/2016,22:00:00,15.82
8/17/2016,23:00:00,15.52
8/18/2016,0:00:00,15.3
8/18/2016,1:00:00,15.23
8/18/2016,2:00:00,15.22
8/18/2016,3:00:00,15.29
8/18/2016,4:00:00,15.3
8/18/2016,5:00:00,15.3
8/18/2016,6:00:00,15.17
8/18/2016,7:00:00,15.14
8/18/2016,8:00:00,15.13
8/18/2016,9:00:00,15.26
8/18/2016,10:00:00,15.49
8/18/2016,11:00:00,15.75
8/18/2016,12:00:00,16.07
8/18/2016,13:00:00,16.5
8/18/2016,14:00:00,16.88
8/18/2016,15:00:00,17.13
8/18/2016,16:00:00,17.28
8/18/2016,17:00:00,17.32
8/18/2016,18:00:00,17.22
8/18/2016,19:00:00,16.91
8/18/2016,20:00:00,16.5
8/18/2016,21:00:00,16.15
8/18/2016,22:00:00,15.82
8/18/2016,23:00:00,15.54
8/19/2016,0:00:00,15.37
8/19/2016,1:00:00,15.18
8/19/2016,2:00:00,15.08
8/19/2016,3:00:00,15.02
8/19/2016,4:00:00,15.14
8/19/2016,5:00:00,15.19
8/19/2016,6:00:00,15.09
8/19/2016,7:00:00,14.93
8/19/2016,8:00:00,14.87
8/19/2016,9:00:00,15.02
8/19/2016,10:00:00,15.3
8/19/2016,11:00:00,15.76
8/19/2016,12:00:00,16.26
8/19/2016,13:00:00,16.73
8/19/2016,14:00:00,17.1
8/19/2016,15:00:00,17.44
8/19/2016,16:00:00,17.59
8/19/2016,17:00:00,17.61
8/19/2016,18:00:00,17.38
8/19/2016,19:00:00,17.06
8/19/2016,20:00:00,16.68
8/19/2016,21:00:00,16.26
8/19/2016,22:00:00,15.97
8/19/2016,23:00:00,15.78
8/20/2016,0:00:00,15.38
8/20/2016,1:00:00,15.07
8/20/2016,2:00:00,15.01
8/20/2016,3:00:00,14.87
8/20/2016,4:00:00,14.78
8/20/2016,5:00:00,14.77
8/20/2016,6:00:00,14.82
8/20/2016,7:00:00,14.78
8/20/2016,8:00:00,14.75
8/20/2016,9:00:00,14.83
8/20/2016,10:00:00,15.14
8/20/2016,11:00:00,15.63
8/20/2016,12:00:00,16.19
8/20/2016,13:00:00,16.76
8/20/2016,14:00:00,17.31
8/20/2016,15:00:00,17.72
8/20/2016,16:00:00,17.88
8/20/2016,17:00:00,17.87
8/20/2016,18:00:00,17.67
8/20/2016,19:00:00,17.31
8/20/2016,20:00:00,16.81
8/20/2016,21:00:00,16.39
8/20/2016,22:00:00,15.96
8/20/2016,23:00:00,15.81
8/21/2016,0:00:00,15.66
8/21/2016,1:00:00,15.71
8/21/2016,2:00:00,15.92
8/21/2016,3:00:00,16.06
8/21/2016,4:00:00,16.09
8/21/2016,5:00:00,16.05
8/21/2016,6:00:00,16.07
8/21/2016,7:00:00,16.03
8/21/2016,8:00:00,16.14
8/21/2016,9:00:00,16.27
8/21/2016,10:00:00,16.34
8/21/2016,11:00:00,16.51
8/21/2016,12:00:00,16.74
8/21/2016,13:00:00,17.02
8/21/2016,14:00:00,17.33
8/21/2016,15:00:00,17.52
8/21/2016,16:00:00,17.53
8/21/2016,17:00:00,17.42
8/21/2016,18:00:00,17.17
8/21/2016,19:00:00,16.94
8/21/2016,20:00:00,16.45
8/21/2016,21:00:00,16.1
8/21/2016,22:00:00,15.94
8/21/2016,23:00:00,16.07
8/22/2016,0:00:00,16.17
8/22/2016,1:00:00,16.3
8/22/2016,2:00:00,16.54
8/22/2016,3:00:00,16.58
8/22/2016,4:00:00,16.45
8/22/2016,5:00:00,16.49
8/22/2016,6:00:00,16.54
8/22/2016,7:00:00,16.71
8/22/2016,8:00:00,16.76
8/22/2016,9:00:00,16.69
8/22/2016,10:00:00,16.65
8/22/2016,11:00:00,16.69
8/22/2016,12:00:00,16.91
8/22/2016,13:00:00,17.28
8/22/2016,14:00:00,17.54
8/22/2016,15:00:00,17.79
8/22/2016,16:00:00,17.92
8/22/2016,17:00:00,17.82
8/22/2016,18:00:00,17.7
8/22/2016,19:00:00,17.38
8/22/2016,20:00:00,16.85
8/22/2016,21:00:00,16.51
8/22/2016,22:00:00,16.31
8/22/2016,23:00:00,16.22
8/23/2016,0:00:00,16.18
8/23/2016,1:00:00,16.25
8/23/2016,2:00:00,16.13
8/23/2016,3:00:00,16.14
8/23/2016,4:00:00,16.24
8/23/2016,5:00:00,16.3
8/23/2016,6:00:00,16.21
8/23/2016,7:00:00,16.09
8/23/2016,8:00:00,16.08
8/23/2016,9:00:00,16.14
8/23/2016,10:00:00,16.36
8/23/2016,11:00:00,16.63
8/23/2016,12:00:00,16.93
8/23/2016,13:00:00,17.23
8/23/2016,14:00:00,17.62
8/23/2016,15:00:00,17.9
8/23/2016,16:00:00,17.99
8/23/2016,17:00:00,17.96
8/23/2016,18:00:00,17.76
8/23/2016,19:00:00,17.49
8/23/2016,20:00:00,17.15
8/23/2016,21:00:00,16.74
8/23/2016,22:00:00,16.38
8/23/2016,23:00:00,16.07
8/24/2016,0:00:00,15.84
8/24/2016,1:00:00,15.7
8/24/2016,2:00:00,15.55
8/24/2016,3:00:00,15.54
8/24/2016,4:00:00,15.67
8/24/2016,5:00:00,15.72
8/24/2016,6:00:00,15.55
8/24/2016,7:00:00,15.54
8/24/2016,8:00:00,15.63
8/24/2016,9:00:00,15.74
8/24/2016,10:00:00,15.99
8/24/2016,11:00:00,16.31
8/24/2016,12:00:00,16.67
8/24/2016,13:00:00,17.08
8/24/2016,14:00:00,17.44
8/24/2016,15:00:00,17.69
8/24/2016,16:00:00,17.81
8/24/2016,17:00:00,17.77
8/24/2016,18:00:00,17.5
8/24/2016,19:00:00,17.11
8/24/2016,20:00:00,16.74
8/24/2016,21:00:00,16.28
8/24/2016,22:00:00,15.82
8/24/2016,23:00:00,15.53
8/25/2016,0:00:00,15.39
8/25/2016,1:00:00,15.25
8/25/2016,2:00:00,15.07
8/25/2016,3:00:00,14.87
8/25/2016,4:00:00,14.86
8/25/2016,5:00:00,14.81
8/25/2016,6:00:00,14.69
8/25/2016,7:00:00,14.73
8/25/2016,8:00:00,14.77
8/25/2016,9:00:00,14.93
8/25/2016,10:00:00,15.23
8/25/2016,11:00:00,15.72
8/25/2016,12:00:00,16.25
8/25/2016,13:00:00,16.81
8/25/2016,14:00:00,17.35
8/25/2016,15:00:00,17.73
8/25/2016,16:00:00,17.87
8/25/2016,17:00:00,17.84
8/25/2016,18:00:00,17.66
8/25/2016,19:00:00,17.23
8/25/2016,20:00:00,16.77
8/25/2016,21:00:00,16.28
8/25/2016,22:00:00,15.87
8/25/2016,23:00:00,15.62
8/26/2016,0:00:00,15.39
8/26/2016,1:00:00,15.16
8/26/2016,2:00:00,15.01
8/26/2016,3:00:00,14.89
8/26/2016,4:00:00,14.86
8/26/2016,5:00:00,14.87
8/26/2016,6:00:00,14.79
8/26/2016,7:00:00,14.73
8/26/2016,8:00:00,14.76
8/26/2016,9:00:00,14.93
8/26/2016,10:00:00,15.27
8/26/2016,11:00:00,15.77
8/26/2016,12:00:00,16.3
8/26/2016,13:00:00,16.81
8/26/2016,14:00:00,17.26
8/26/2016,15:00:00,17.59
8/26/2016,16:00:00,17.75
8/26/2016,17:00:00,17.75
8/26/2016,18:00:00,17.57
8/26/2016,19:00:00,17.29
8/26/2016,20:00:00,17.05
8/26/2016,21:00:00,16.65
8/26/2016,22:00:00,16.32
8/26/2016,23:00:00,16.2
8/27/2016,0:00:00,16.05
8/27/2016,1:00:00,15.86
8/27/2016,2:00:00,15.73
8/27/2016,3:00:00,15.58
8/27/2016,4:00:00,15.47
8/27/2016,5:00:00,15.41
8/27/2016,6:00:00,15.44
8/27/2016,7:00:00,15.39
8/27/2016,8:00:00,15.38
8/27/2016,9:00:00,15.56
8/27/2016,10:00:00,15.79
8/27/2016,11:00:00,16.1
8/27/2016,12:00:00,16.48
8/27/2016,13:00:00,16.84
8/27/2016,14:00:00,17.19
8/27/2016,15:00:00,17.44
8/27/2016,16:00:00,17.52
8/27/2016,17:00:00,17.5
8/27/2016,18:00:00,17.37
8/27/2016,19:00:00,16.99
8/27/2016,20:00:00,16.64
8/27/2016,21:00:00,16.44
8/27/2016,22:00:00,16.34
8/27/2016,23:00:00,16.4
8/28/2016,0:00:00,16.6
8/28/2016,1:00:00,16.75
8/28/2016,2:00:00,16.85
8/28/2016,3:00:00,16.93
8/28/2016,4:00:00,17.08
8/28/2016,5:00:00,17.09
8/28/2016,6:00:00,16.95
8/28/2016,7:00:00,16.86
8/28/2016,8:00:00,16.83
8/28/2016,9:00:00,16.91
8/28/2016,10:00:00,17.08
8/28/2016,11:00:00,17.32
8/28/2016,12:00:00,17.55
8/28/2016,13:00:00,17.76
8/28/2016,14:00:00,17.98
8/28/2016,15:00:00,18.14
8/28/2016,16:00:00,18.18
8/28/2016,17:00:00,18.11
8/28/2016,18:00:00,17.9
8/28/2016,19:00:00,17.59
8/28/2016,20:00:00,17.21
8/28/2016,21:00:00,16.84
8/28/2016,22:00:00,16.51
8/28/2016,23:00:00,16.25
8/29/2016,0:00:00,16.23
8/29/2016,1:00:00,16.15
8/29/2016,2:00:00,16.16
8/29/2016,3:00:00,16.46
8/29/2016,4:00:00,16.7
8/29/2016,5:00:00,16.77
8/29/2016,6:00:00,16.72
8/29/2016,7:00:00,16.63
8/29/2016,8:00:00,16.56
8/29/2016,9:00:00,16.64
8/29/2016,10:00:00,16.9
8/29/2016,11:00:00,17.15
8/29/2016,12:00:00,17.37
8/29/2016,13:00:00,17.61
8/29/2016,14:00:00,17.81
8/29/2016,15:00:00,17.95
8/29/2016,16:00:00,17.96
8/29/2016,17:00:00,17.88
8/29/2016,18:00:00,17.63
8/29/2016,19:00:00,17.33
8/29/2016,20:00:00,16.96
8/29/2016,21:00:00,16.61
8/29/2016,22:00:00,16.25
8/29/2016,23:00:00,15.97
8/30/2016,0:00:00,15.74
8/30/2016,1:00:00,15.67
8/30/2016,2:00:00,15.53
8/30/2016,3:00:00,15.57
8/30/2016,4:00:00,15.69
8/30/2016,5:00:00,15.82
8/30/2016,6:00:00,16.04
8/30/2016,7:00:00,16.16
8/30/2016,8:00:00,16.15
8/30/2016,9:00:00,16.23
8/30/2016,10:00:00,16.34
8/30/2016,11:00:00,16.54
8/30/2016,12:00:00,16.67
8/30/2016,13:00:00,16.68
8/30/2016,14:00:00,16.83
8/30/2016,15:00:00,17.1
8/30/2016,16:00:00,17.22
8/30/2016,17:00:00,17.23
8/30/2016,18:00:00,17.17
8/30/2016,19:00:00,17.08
8/30/2016,20:00:00,16.87
8/30/2016,21:00:00,16.49
8/30/2016,22:00:00,16.23
8/30/2016,23:00:00,15.99
8/31/2016,0:00:00,15.8
8/31/2016,1:00:00,15.72
8/31/2016,2:00:00,15.71
8/31/2016,3:00:00,15.86
8/31/2016,4:00:00,16.02
8/31/2016,5:00:00,16.18
8/31/2016,6:00:00,16.23
8/31/2016,7:00:00,16.17
8/31/2016,8:00:00,16.04
8/31/2016,9:00:00,16.08
8/31/2016,10:00:00,16.28
8/31/2016,11:00:00,16.57
8/31/2016,12:00:00,16.93
8/31/2016,13:00:00,17.29
8/31/2016,14:00:00,17.63
8/31/2016,15:00:00,17.79
8/31/2016,16:00:00,17.8
8/31/2016,17:00:00,17.77
8/31/2016,18:00:00,17.59
8/31/2016,19:00:00,17.25
8/31/2016,20:00:00,16.92
8/31/2016,21:00:00,16.4
8/31/2016,22:00:00,16.14
8/31/2016,23:00:00,16.01
9/1/2016,0:00:00,16.04
9/1/2016,1:00:00,16.1
9/1/2016,2:00:00,16.15
9/1/2016,3:00:00,16.39
9/1/2016,4:00:00,16.59
9/1/2016,5:00:00,16.64
9/1/2016,6:00:00,16.71
9/1/2016,7:00:00,16.72
9/1/2016,8:00:00,16.64
9/1/2016,9:00:00,16.54
9/1/2016,10:00:00,16.52
9/1/2016,11:00:00,16.74
9/1/2016,12:00:00,16.93
9/1/2016,13:00:00,17.18
9/1/2016,14:00:00,17.28
9/1/2016,15:00:00,17.29
9/1/2016,16:00:00,17.15
9/1/2016,17:00:00,16.95
9/1/2016,18:00:00,16.73
9/1/2016,19:00:00,16.49
9/1/2016,20:00:00,16.19
9/1/2016,21:00:00,15.99
9/1/2016,22:00:00,15.82
9/1/2016,23:00:00,15.59
9/2/2016,0:00:00,15.55
9/2/2016,1:00:00,15.55
9/2/2016,2:00:00,15.72
9/2/2016,3:00:00,15.76
9/2/2016,4:00:00,15.96
9/2/2016,5:00:00,16.17
9/2/2016,6:00:00,16.19
9/2/2016,7:00:00,16.08
9/2/2016,8:00:00,16.12
9/2/2016,9:00:00,16.18
9/2/2016,10:00:00,16.22
9/2/2016,11:00:00,16.4
9/2/2016,12:00:00,16.56
9/2/2016,13:00:00,16.75
9/2/2016,14:00:00,17.05
9/2/2016,15:00:00,17.26
9/2/2016,16:00:00,17.44
9/2/2016,17:00:00,17.62
9/2/2016,18:00:00,17.54
9/2/2016,19:00:00,17.26
9/2/2016,20:00:00,16.96
9/2/2016,21:00:00,16.6
9/2/2016,22:00:00,16.3
9/2/2016,23:00:00,16.11
9/3/2016,0:00:00,15.94
9/3/2016,1:00:00,15.82
9/3/2016,2:00:00,15.65
9/3/2016,3:00:00,15.59
9/3/2016,4:00:00,15.59
9/3/2016,5:00:00,15.59
9/3/2016,6:00:00,15.52
9/3/2016,7:00:00,15.4
9/3/2016,8:00:00,15.36
9/3/2016,9:00:00,15.42
9/3/2016,10:00:00,15.57
9/3/2016,11:00:00,15.82
9/3/2016,12:00:00,16.16
9/3/2016,13:00:00,16.48
9/3/2016,14:00:00,16.78
9/3/2016,15:00:00,17.07
9/3/2016,16:00:00,17.06
9/3/2016,17:00:00,17.16
9/3/2016,18:00:00,17.05
9/3/2016,19:00:00,16.74
9/3/2016,20:00:00,16.37
9/3/2016,21:00:00,16.08
9/3/2016,22:00:00,15.8
9/3/2016,23:00:00,15.55
9/4/2016,0:00:00,15.43
9/4/2016,1:00:00,15.32
9/4/2016,2:00:00,15.24
9/4/2016,3:00:00,15.2
9/4/2016,4:00:00,15.14
9/4/2016,5:00:00,15.14
9/4/2016,6:00:00,15.23
9/4/2016,7:00:00,15.21
9/4/2016,8:00:00,15.13
9/4/2016,9:00:00,15.17
9/4/2016,10:00:00,15.38
9/4/2016,11:00:00,15.6
9/4/2016,12:00:00,15.94
9/4/2016,13:00:00,16.08
9/4/2016,14:00:00,16.35
9/4/2016,15:00:00,16.45
9/4/2016,16:00:00,16.69
9/4/2016,17:00:00,16.83
9/4/2016,18:00:00,16.61
9/4/2016,19:00:00,16.41
9/4/2016,20:00:00,16.2
9/4/2016,21:00:00,15.86
9/4/2016,22:00:00,15.61
9/4/2016,23:00:00,15.43
9/5/2016,0:00:00,15.27
9/5/2016,1:00:00,15.17
9/5/2016,2:00:00,15.06
9/5/2016,3:00:00,14.95
9/5/2016,4:00:00,14.88
9/5/2016,5:00:00,14.83
9/5/2016,6:00:00,14.83
9/5/2016,7:00:00,14.77
9/5/2016,8:00:00,14.72
9/5/2016,9:00:00,14.77
9/5/2016,10:00:00,14.97
9/5/2016,11:00:00,15.26
9/5/2016,12:00:00,15.61
9/5/2016,13:00:00,15.94
9/5/2016,14:00:00,16.27
9/5/2016,15:00:00,16.56
9/5/2016,16:00:00,16.74
9/5/2016,17:00:00,16.75
9/5/2016,18:00:00,16.59
9/5/2016,19:00:00,16.3
9/5/2016,20:00:00,15.95
9/5/2016,21:00:00,15.6
9/5/2016,22:00:00,15.37
9/5/2016,23:00:00,15.07
9/6/2016,0:00:00,14.82
9/6/2016,1:00:00,14.76
9/6/2016,2:00:00,14.57
9/6/2016,3:00:00,14.36
9/6/2016,4:00:00,14.26
9/6/2016,5:00:00,14.31
9/6/2016,6:00:00,14.35
9/6/2016,7:00:00,14.35
9/6/2016,8:00:00,14.35
9/6/2016,9:00:00,14.46
9/6/2016,10:00:00,14.67
9/6/2016,11:00:00,14.78
9/6/2016,12:00:00,14.95
9/6/2016,13:00:00,15.14
9/6/2016,14:00:00,15.53
9/6/2016,15:00:00,15.68
9/6/2016,16:00:00,15.86
9/6/2016,17:00:00,15.72
9/6/2016,18:00:00,15.62
9/6/2016,19:00:00,15.58
9/6/2016,20:00:00,15.35
9/6/2016,21:00:00,15.19
9/6/2016,22:00:00,15.02
9/6/2016,23:00:00,14.85
9/7/2016,0:00:00,14.68
9/7/2016,1:00:00,14.6
9/7/2016,2:00:00,14.49
9/7/2016,3:00:00,14.35
9/7/2016,4:00:00,14.28
9/7/2016,5:00:00,14.22
9/7/2016,6:00:00,14.17
9/7/2016,7:00:00,14.09
9/7/2016,8:00:00,14.08
9/7/2016,9:00:00,14.16
9/7/2016,10:00:00,14.31
9/7/2016,11:00:00,14.59
9/7/2016,12:00:00,14.92
9/7/2016,13:00:00,15.3
9/7/2016,14:00:00,15.63
9/7/2016,15:00:00,15.86
9/7/2016,16:00:00,16.03
9/7/2016,17:00:00,16.09
9/7/2016,18:00:00,15.95
9/7/2016,19:00:00,15.66
9/7/2016,20:00:00,15.29
9/7/2016,21:00:00,14.93
9/7/2016,22:00:00,14.67
9/7/2016,23:00:00,14.43
9/8/2016,0:00:00,14.26
9/8/2016,1:00:00,14.09
9/8/2016,2:00:00,13.88
9/8/2016,3:00:00,13.74
9/8/2016,4:00:00,13.72
9/8/2016,5:00:00,13.7
9/8/2016,6:00:00,13.7
9/8/2016,7:00:00,13.7
9/8/2016,8:00:00,13.72
9/8/2016,9:00:00,13.81
9/8/2016,10:00:00,14.04
9/8/2016,11:00:00,14.34
9/8/2016,12:00:00,14.74
9/8/2016,13:00:00,15.13
9/8/2016,14:00:00,15.45
9/8/2016,15:00:00,15.74
9/8/2016,16:00:00,15.89
9/8/2016,17:00:00,15.92
9/8/2016,18:00:00,15.77
9/8/2016,19:00:00,15.52
9/8/2016,20:00:00,15.13
9/8/2016,21:00:00,14.8
9/8/2016,22:00:00,14.57
9/8/2016,23:00:00,14.3
9/9/2016,0:00:00,14.03
9/9/2016,1:00:00,13.85
9/9/2016,2:00:00,13.69
9/9/2016,3:00:00,13.57
9/9/2016,4:00:00,13.63
9/9/2016,5:00:00,13.66
9/9/2016,6:00:00,13.57
9/9/2016,7:00:00,13.4
9/9/2016,8:00:00,13.36
9/9/2016,9:00:00,13.45
9/9/2016,10:00:00,13.66
9/9/2016,11:00:00,13.95
9/9/2016,12:00:00,14.33
9/9/2016,13:00:00,14.73
9/9/2016,14:00:00,15.14
9/9/2016,15:00:00,15.51
9/9/2016,16:00:00,15.74
9/9/2016,17:00:00,15.8
9/9/2016,18:00:00,15.69
9/9/2016,19:00:00,15.43
9/9/2016,20:00:00,15.04
9/9/2016,21:00:00,14.63
9/9/2016,22:00:00,14.3
9/9/2016,23:00:00,14.04
9/10/2016,0:00:00,13.74
9/10/2016,1:00:00,13.45
9/10/2016,2:00:00,13.27
9/10/2016,3:00:00,13.08
9/10/2016,4:00:00,12.9
9/10/2016,5:00:00,12.78
9/10/2016,6:00:00,12.72
9/10/2016,7:00:00,12.65
9/10/2016,8:00:00,12.57
9/10/2016,9:00:00,12.61
9/10/2016,10:00:00,12.82
9/10/2016,11:00:00,13.15
9/10/2016,12:00:00,13.54
9/10/2016,13:00:00,13.94
9/10/2016,14:00:00,14.35
9/10/2016,15:00:00,14.72
9/10/2016,16:00:00,14.97
9/10/2016,17:00:00,15.06
9/10/2016,18:00:00,14.95
9/10/2016,19:00:00,14.66
9/10/2016,20:00:00,14.3
9/10/2016,21:00:00,13.86
9/10/2016,22:00:00,13.5
9/10/2016,23:00:00,13.33
9/11/2016,0:00:00,13.3
9/11/2016,1:00:00,13.12
9/11/2016,2:00:00,12.88
9/11/2016,3:00:00,12.7
9/11/2016,4:00:00,12.7
9/11/2016,5:00:00,13
9/11/2016,6:00:00,13.29
9/11/2016,7:00:00,13.11
9/11/2016,8:00:00,13
9/11/2016,9:00:00,13.12
9/11/2016,10:00:00,13.47
9/11/2016,11:00:00,13.87
9/11/2016,12:00:00,14.3
9/11/2016,13:00:00,14.69
9/11/2016,14:00:00,15.03
9/11/2016,15:00:00,15.29
9/11/2016,16:00:00,15.47
9/11/2016,17:00:00,15.53
9/11/2016,18:00:00,15.46
9/11/2016,19:00:00,15.21
9/11/2016,20:00:00,14.79
9/11/2016,21:00:00,14.35
9/11/2016,22:00:00,14.1
9/11/2016,23:00:00,13.92
9/12/2016,0:00:00,13.72
9/12/2016,1:00:00,13.58
9/12/2016,2:00:00,13.44
9/12/2016,3:00:00,13.31
9/12/2016,4:00:00,13.18
9/12/2016,5:00:00,13.06
9/12/2016,6:00:00,13.01
9/12/2016,7:00:00,12.98
9/12/2016,8:00:00,12.94
9/12/2016,9:00:00,13
9/12/2016,10:00:00,13.15
9/12/2016,11:00:00,13.4
9/12/2016,12:00:00,13.73
9/12/2016,13:00:00,14.06
9/12/2016,14:00:00,14.38
9/12/2016,15:00:00,14.66
9/12/2016,16:00:00,14.83
9/12/2016,17:00:00,14.86
9/12/2016,18:00:00,14.69
9/12/2016,19:00:00,14.43
9/12/2016,20:00:00,14.12
9/12/2016,21:00:00,13.78
9/12/2016,22:00:00,13.45
9/12/2016,23:00:00,13.19
9/13/2016,0:00:00,12.94
9/13/2016,1:00:00,12.75
9/13/2016,2:00:00,12.62
9/13/2016,3:00:00,12.5
9/13/2016,4:00:00,12.43
9/13/2016,5:00:00,12.43
9/13/2016,6:00:00,12.36
9/13/2016,7:00:00,12.29
9/13/2016,8:00:00,12.25
9/13/2016,9:00:00,12.28
9/13/2016,10:00:00,12.43
9/13/2016,11:00:00,12.7
9/13/2016,12:00:00,13.04
9/13/2016,13:00:00,13.38
9/13/2016,14:00:00,13.71
9/13/2016,15:00:00,14.04
9/13/2016,16:00:00,14.24
9/13/2016,17:00:00,14.28
9/13/2016,18:00:00,14.16
9/13/2016,19:00:00,13.89
9/13/2016,20:00:00,13.54
9/13/2016,21:00:00,13.14
9/13/2016,22:00:00,12.79
9/13/2016,23:00:00,12.51
9/14/2016,0:00:00,12.25
9/14/2016,1:00:00,12.05
9/14/2016,2:00:00,11.92
9/14/2016,3:00:00,11.86
9/14/2016,4:00:00,11.84
9/14/2016,5:00:00,11.82
9/14/2016,6:00:00,11.77
9/14/2016,7:00:00,11.7
9/14/2016,8:00:00,11.65
9/14/2016,9:00:00,11.66
9/14/2016,10:00:00,11.84
9/14/2016,11:00:00,12.15
9/14/2016,12:00:00,12.55
9/14/2016,13:00:00,12.97
9/14/2016,14:00:00,13.37
9/14/2016,15:00:00,13.74
9/14/2016,16:00:00,13.98
9/14/2016,17:00:00,14.08
9/14/2016,18:00:00,13.99
9/14/2016,19:00:00,13.78
9/14/2016,20:00:00,13.55
9/14/2016,21:00:00,13.22
9/14/2016,22:00:00,12.83
9/14/2016,23:00:00,12.53
9/15/2016,0:00:00,12.39
9/15/2016,1:00:00,12.31
9/15/2016,2:00:00,12.19
9/15/2016,3:00:00,12.01
9/15/2016,4:00:00,11.86
9/15/2016,5:00:00,11.78
9/15/2016,6:00:00,11.76
9/15/2016,7:00:00,11.77
9/15/2016,8:00:00,11.75
9/15/2016,9:00:00,11.82
9/15/2016,10:00:00,12.07
9/15/2016,11:00:00,12.42
9/15/2016,12:00:00,12.86
9/15/2016,13:00:00,13.29
9/15/2016,14:00:00,13.72
9/15/2016,15:00:00,14.09
9/15/2016,16:00:00,14.36
9/15/2016,17:00:00,14.48
9/15/2016,18:00:00,14.42
9/15/2016,19:00:00,14.21
9/15/2016,20:00:00,13.9
9/15/2016,21:00:00,13.57
9/15/2016,22:00:00,13.27
9/15/2016,23:00:00,12.97
9/16/2016,0:00:00,12.65
9/16/2016,1:00:00,12.44
9/16/2016,2:00:00,12.29
9/16/2016,3:00:00,12.24
9/16/2016,4:00:00,12.22
9/16/2016,5:00:00,12.16
9/16/2016,6:00:00,12.04
9/16/2016,7:00:00,11.95
9/16/2016,8:00:00,11.94
9/16/2016,9:00:00,11.99
9/16/2016,10:00:00,12.23
9/16/2016,11:00:00,12.59
9/16/2016,12:00:00,13.05
9/16/2016,13:00:00,13.52
9/16/2016,14:00:00,13.89
9/16/2016,15:00:00,14.2
9/16/2016,16:00:00,14.43
9/16/2016,17:00:00,14.54
9/16/2016,18:00:00,14.48
9/16/2016,19:00:00,14.27
9/16/2016,20:00:00,13.95
9/16/2016,21:00:00,13.58
9/16/2016,22:00:00,13.23
9/16/2016,23:00:00,12.99
9/17/2016,0:00:00,12.8
9/17/2016,1:00:00,12.63
9/17/2016,2:00:00,12.49
9/17/2016,3:00:00,12.39
9/17/2016,4:00:00,12.34
9/17/2016,5:00:00,12.5
9/17/2016,6:00:00,12.64
9/17/2016,7:00:00,12.51
9/17/2016,8:00:00,12.39
9/17/2016,9:00:00,12.52
9/17/2016,10:00:00,12.75
9/17/2016,11:00:00,12.96
9/17/2016,12:00:00,13.31
9/17/2016,13:00:00,13.62
9/17/2016,14:00:00,13.83
9/17/2016,15:00:00,14
9/17/2016,16:00:00,14.22
9/17/2016,17:00:00,14.39
9/17/2016,18:00:00,14.38
9/17/2016,19:00:00,14.21
9/17/2016,20:00:00,14.22
9/17/2016,21:00:00,14.34
9/17/2016,22:00:00,14.27
9/17/2016,23:00:00,14.06
9/18/2016,0:00:00,13.81
9/18/2016,1:00:00,13.65
9/18/2016,2:00:00,13.55
9/18/2016,3:00:00,13.49
9/18/2016,4:00:00,13.45
9/18/2016,5:00:00,13.45
9/18/2016,6:00:00,13.5
9/18/2016,7:00:00,13.45
9/18/2016,8:00:00,13.33
9/18/2016,9:00:00,13.27
9/18/2016,10:00:00,13.34
9/18/2016,11:00:00,13.59
9/18/2016,12:00:00,13.87
9/18/2016,13:00:00,14.02
9/18/2016,14:00:00,14.31
9/18/2016,15:00:00,14.55
9/18/2016,16:00:00,14.7
9/18/2016,17:00:00,14.81
9/18/2016,18:00:00,14.72
9/18/2016,19:00:00,14.52
9/18/2016,20:00:00,14.38
9/18/2016,21:00:00,14.23
9/18/2016,22:00:00,14.11
9/18/2016,23:00:00,13.9
9/19/2016,0:00:00,13.59
9/19/2016,1:00:00,13.3
9/19/2016,2:00:00,13.07
9/19/2016,3:00:00,12.89
9/19/2016,4:00:00,12.72
9/19/2016,5:00:00,12.6
9/19/2016,6:00:00,12.52
9/19/2016,7:00:00,12.46
9/19/2016,8:00:00,12.43
9/19/2016,9:00:00,12.46
9/19/2016,10:00:00,12.66
9/19/2016,11:00:00,12.97
9/19/2016,12:00:00,13.34
9/19/2016,13:00:00,13.74
9/19/2016,14:00:00,14.13
9/19/2016,15:00:00,14.44
9/19/2016,16:00:00,14.63
9/19/2016,17:00:00,14.65
9/19/2016,18:00:00,14.53
9/19/2016,19:00:00,14.31
9/19/2016,20:00:00,14.02
9/19/2016,21:00:00,13.73
9/19/2016,22:00:00,13.47
9/19/2016,23:00:00,13.22
9/20/2016,0:00:00,12.96
9/20/2016,1:00:00,12.69
9/20/2016,2:00:00,12.48
9/20/2016,3:00:00,12.35
9/20/2016,4:00:00,12.3
9/20/2016,5:00:00,12.28
9/20/2016,6:00:00,12.26
9/20/2016,7:00:00,12.25
9/20/2016,8:00:00,12.25
9/20/2016,9:00:00,12.29
9/20/2016,10:00:00,12.39
9/20/2016,11:00:00,12.57
9/20/2016,12:00:00,12.79
9/20/2016,13:00:00,13.05
9/20/2016,14:00:00,13.43
9/20/2016,15:00:00,13.75
9/20/2016,16:00:00,13.87
9/20/2016,17:00:00,13.92
9/20/2016,18:00:00,13.92
9/20/2016,19:00:00,13.79
9/20/2016,20:00:00,13.61
9/20/2016,21:00:00,13.36
9/20/2016,22:00:00,13.03
9/20/2016,23:00:00,12.82
9/21/2016,0:00:00,12.81
9/21/2016,1:00:00,12.71
9/21/2016,2:00:00,12.5
9/21/2016,3:00:00,12.24
9/21/2016,4:00:00,12.02
9/21/2016,5:00:00,11.85
9/21/2016,6:00:00,11.76
9/21/2016,7:00:00,11.71
9/21/2016,8:00:00,11.7
9/21/2016,9:00:00,11.73
9/21/2016,10:00:00,11.93
9/21/2016,11:00:00,12.13
9/21/2016,12:00:00,12.37
9/21/2016,13:00:00,12.68
9/21/2016,14:00:00,13.03
9/21/2016,15:00:00,13.39
9/21/2016,16:00:00,13.58
9/21/2016,17:00:00,13.56
9/21/2016,18:00:00,13.45
9/21/2016,19:00:00,13.32
9/21/2016,20:00:00,13.09
9/21/2016,21:00:00,12.77
9/21/2016,22:00:00,12.46
9/21/2016,23:00:00,12.2
9/22/2016,0:00:00,12.08
9/22/2016,1:00:00,12.05
9/22/2016,2:00:00,12.04
9/22/2016,3:00:00,12
9/22/2016,4:00:00,11.92
9/22/2016,5:00:00,11.82
9/22/2016,6:00:00,11.73
9/22/2016,7:00:00,11.64
9/22/2016,8:00:00,11.58
9/22/2016,9:00:00,11.57
9/22/2016,10:00:00,11.7
9/22/2016,11:00:00,11.95
9/22/2016,12:00:00,12.26
9/22/2016,13:00:00,12.57
9/22/2016,14:00:00,12.82
9/22/2016,15:00:00,12.9
9/22/2016,16:00:00,12.97
9/22/2016,17:00:00,12.98
9/22/2016,18:00:00,12.91
9/22/2016,19:00:00,12.74
9/22/2016,20:00:00,12.43
9/22/2016,21:00:00,12.07
9/22/2016,22:00:00,11.74
9/22/2016,23:00:00,11.44
9/23/2016,0:00:00,11.2
9/23/2016,1:00:00,11.02
9/23/2016,2:00:00,10.92
9/23/2016,3:00:00,10.84
9/23/2016,4:00:00,10.77
9/23/2016,5:00:00,10.7
9/23/2016,6:00:00,10.64
9/23/2016,7:00:00,10.6
9/23/2016,8:00:00,10.61
9/23/2016,9:00:00,10.67
9/23/2016,10:00:00,10.73
9/23/2016,11:00:00,10.81
9/23/2016,12:00:00,10.97
9/23/2016,13:00:00,11.17
9/23/2016,14:00:00,11.34
9/23/2016,15:00:00,11.43
9/23/2016,16:00:00,11.48
9/23/2016,17:00:00,11.49
9/23/2016,18:00:00,11.48
9/23/2016,19:00:00,11.42
9/23/2016,20:00:00,11.34
9/23/2016,21:00:00,11.25
9/23/2016,22:00:00,11.18
9/23/2016,23:00:00,11.07
9/24/2016,0:00:00,10.93
9/24/2016,1:00:00,10.81
9/24/2016,2:00:00,10.68
9/24/2016,3:00:00,10.57
9/24/2016,4:00:00,10.49
9/24/2016,5:00:00,10.4
9/24/2016,6:00:00,10.3
9/24/2016,7:00:00,10.22
9/24/2016,8:00:00,10.2
9/24/2016,9:00:00,10.26
9/24/2016,10:00:00,10.46
9/24/2016,11:00:00,10.75
9/24/2016,12:00:00,11.13
9/24/2016,13:00:00,11.54
9/24/2016,14:00:00,11.91
9/24/2016,15:00:00,12.17
9/24/2016,16:00:00,12.31
9/24/2016,17:00:00,12.38
9/24/2016,18:00:00,12.36
9/24/2016,19:00:00,12.21
9/24/2016,20:00:00,12.01
9/24/2016,21:00:00,11.73
9/24/2016,22:00:00,11.47
9/24/2016,23:00:00,11.23
9/25/2016,0:00:00,11.01
9/25/2016,1:00:00,10.89
9/25/2016,2:00:00,10.88
9/25/2016,3:00:00,10.79
9/25/2016,4:00:00,10.64
9/25/2016,5:00:00,10.54
9/25/2016,6:00:00,10.52
9/25/2016,7:00:00,10.54
9/25/2016,8:00:00,10.56
9/25/2016,9:00:00,10.62
9/25/2016,10:00:00,10.85
9/25/2016,11:00:00,11.19
9/25/2016,12:00:00,11.59
9/25/2016,13:00:00,12.02
9/25/2016,14:00:00,12.42
9/25/2016,15:00:00,12.78
9/25/2016,16:00:00,13.01
9/25/2016,17:00:00,13.14
9/25/2016,18:00:00,13.12
9/25/2016,19:00:00,12.96
9/25/2016,20:00:00,12.71
9/25/2016,21:00:00,12.4
9/25/2016,22:00:00,12.05
9/25/2016,23:00:00,11.73
9/26/2016,0:00:00,11.47
9/26/2016,1:00:00,11.28
9/26/2016,2:00:00,11.23
9/26/2016,3:00:00,11.2
9/26/2016,4:00:00,11.16
9/26/2016,5:00:00,11.07
9/26/2016,6:00:00,10.96
9/26/2016,7:00:00,10.87
9/26/2016,8:00:00,10.79
9/26/2016,9:00:00,10.77
9/26/2016,10:00:00,10.96
9/26/2016,11:00:00,11.33
9/26/2016,12:00:00,11.74
9/26/2016,13:00:00,12.15
9/26/2016,14:00:00,12.54
9/26/2016,15:00:00,12.88
9/26/2016,16:00:00,13.09
9/26/2016,17:00:00,13.2
9/26/2016,18:00:00,13.17
9/26/2016,19:00:00,12.99
9/26/2016,20:00:00,12.69
9/26/2016,21:00:00,12.31
9/26/2016,22:00:00,11.9
9/26/2016,23:00:00,11.54
9/27/2016,0:00:00,11.31
9/27/2016,1:00:00,11.29
9/27/2016,2:00:00,11.21
9/27/2016,3:00:00,10.93
9/27/2016,4:00:00,10.76
9/27/2016,5:00:00,10.75
9/27/2016,6:00:00,10.81
9/27/2016,7:00:00,10.88
9/27/2016,8:00:00,10.97
9/27/2016,9:00:00,11.04
9/27/2016,10:00:00,11.29
9/27/2016,11:00:00,11.65
9/27/2016,12:00:00,12.12
9/27/2016,13:00:00,12.61
9/27/2016,14:00:00,13.03
9/27/2016,15:00:00,13.37
9/27/2016,16:00:00,13.57
9/27/2016,17:00:00,13.7
9/27/2016,18:00:00,13.7
9/27/2016,19:00:00,13.52
9/27/2016,20:00:00,13.29
9/27/2016,21:00:00,12.89
9/27/2016,22:00:00,12.45
9/27/2016,23:00:00,12.11
9/28/2016,0:00:00,11.94
9/28/2016,1:00:00,11.75
9/28/2016,2:00:00,11.47
9/28/2016,3:00:00,11.26
9/28/2016,4:00:00,11.32
9/28/2016,5:00:00,11.43
9/28/2016,6:00:00,11.51
9/28/2016,7:00:00,11.51
9/28/2016,8:00:00,11.44
9/28/2016,9:00:00,11.44
9/28/2016,10:00:00,11.65
9/28/2016,11:00:00,12.04
9/28/2016,12:00:00,12.51
9/28/2016,13:00:00,12.92
9/28/2016,14:00:00,13.27
9/28/2016,15:00:00,13.58
9/28/2016,16:00:00,13.79
9/28/2016,17:00:00,13.92
9/28/2016,18:00:00,13.89
9/28/2016,19:00:00,13.69
9/28/2016,20:00:00,13.4
9/28/2016,21:00:00,12.99
9/28/2016,22:00:00,12.55
9/28/2016,23:00:00,12.24
9/29/2016,0:00:00,12
9/29/2016,1:00:00,11.7
9/29/2016,2:00:00,11.46
9/29/2016,3:00:00,11.27
9/29/2016,4:00:00,11.22
9/29/2016,5:00:00,11.32
9/29/2016,6:00:00,11.42
9/29/2016,7:00:00,11.42
9/29/2016,8:00:00,11.3
9/29/2016,9:00:00,11.33
9/29/2016,10:00:00,11.59
9/29/2016,11:00:00,11.91
9/29/2016,12:00:00,12.29
9/29/2016,13:00:00,12.76
9/29/2016,14:00:00,13.1
9/29/2016,15:00:00,13.33
9/29/2016,16:00:00,13.47
9/29/2016,17:00:00,13.53
9/29/2016,18:00:00,13.48
9/29/2016,19:00:00,13.29
9/29/2016,20:00:00,13.07
9/29/2016,21:00:00,12.84
9/29/2016,22:00:00,12.82
9/29/2016,23:00:00,12.87
9/30/2016,0:00:00,12.69
9/30/2016,1:00:00,12.4
9/30/2016,2:00:00,12.17
9/30/2016,3:00:00,12
9/30/2016,4:00:00,11.9
9/30/2016,5:00:00,11.88
9/30/2016,6:00:00,11.9
9/30/2016,7:00:00,11.86
9/30/2016,8:00:00,11.8
9/30/2016,9:00:00,11.77
9/30/2016,10:00:00,11.98
9/30/2016,11:00:00,12.33
9/30/2016,12:00:00,12.65
9/30/2016,13:00:00,12.77
9/30/2016,14:00:00,12.99
9/30/2016,15:00:00,13.32
9/30/2016,16:00:00,13.49
9/30/2016,17:00:00,13.61
9/30/2016,18:00:00,13.56
9/30/2016,19:00:00,13.4
9/30/2016,20:00:00,13.21
9/30/2016,21:00:00,12.95
9/30/2016,22:00:00,12.72
9/30/2016,23:00:00,12.58
10/1/2016,0:00:00,12.47
10/1/2016,1:00:00,12.36
10/1/2016,2:00:00,12.2
10/1/2016,3:00:00,12
10/1/2016,4:00:00,11.7
10/1/2016,5:00:00,11.47
10/1/2016,6:00:00,11.37
10/1/2016,7:00:00,11.35
10/1/2016,8:00:00,11.34
10/1/2016,9:00:00,11.35
10/1/2016,10:00:00,11.39
10/1/2016,11:00:00,11.56
10/1/2016,12:00:00,11.78
10/1/2016,13:00:00,12.14
10/1/2016,14:00:00,12.43
10/1/2016,15:00:00,12.76
10/1/2016,16:00:00,12.97
10/1/2016,17:00:00,13.1
10/1/2016,18:00:00,13.07
10/1/2016,19:00:00,12.9
10/1/2016,20:00:00,12.67
10/1/2016,21:00:00,12.25
10/1/2016,22:00:00,11.79
10/1/2016,23:00:00,11.47
10/2/2016,0:00:00,11.2
10/2/2016,1:00:00,10.98
10/2/2016,2:00:00,10.8
10/2/2016,3:00:00,10.67
10/2/2016,4:00:00,10.54
10/2/2016,5:00:00,10.43
10/2/2016,6:00:00,10.36
10/2/2016,7:00:00,10.32
10/2/2016,8:00:00,10.29
10/2/2016,9:00:00,10.28
10/2/2016,10:00:00,10.38
10/2/2016,11:00:00,10.56
10/2/2016,12:00:00,10.75
10/2/2016,13:00:00,10.93
10/2/2016,14:00:00,11.14
10/2/2016,15:00:00,11.46
10/2/2016,16:00:00,11.55
10/2/2016,17:00:00,11.6
10/2/2016,18:00:00,11.54
10/2/2016,19:00:00,11.47
10/2/2016,20:00:00,11.33
10/2/2016,21:00:00,11.09
10/2/2016,22:00:00,10.83
10/2/2016,23:00:00,10.63
10/3/2016,0:00:00,10.48
10/3/2016,1:00:00,10.31
10/3/2016,2:00:00,10.15
10/3/2016,3:00:00,9.98
10/3/2016,4:00:00,9.8
10/3/2016,5:00:00,9.62
10/3/2016,6:00:00,9.49
10/3/2016,7:00:00,9.42
10/3/2016,8:00:00,9.38
10/3/2016,9:00:00,9.4
10/3/2016,10:00:00,9.55
10/3/2016,11:00:00,9.77
10/3/2016,12:00:00,9.94
10/3/2016,13:00:00,10.23
10/3/2016,14:00:00,10.5
10/3/2016,15:00:00,10.71
10/3/2016,16:00:00,10.86
10/3/2016,17:00:00,10.97
10/3/2016,18:00:00,10.94
10/3/2016,19:00:00,10.83
10/3/2016,20:00:00,10.71
10/3/2016,21:00:00,10.58
10/3/2016,22:00:00,10.43
10/3/2016,23:00:00,10.28
10/4/2016,0:00:00,10.16
10/4/2016,1:00:00,10.04
10/4/2016,2:00:00,9.92
10/4/2016,3:00:00,9.82
10/4/2016,4:00:00,9.73
10/4/2016,5:00:00,9.67
10/4/2016,6:00:00,9.58
10/4/2016,7:00:00,9.53
10/4/2016,8:00:00,9.49
10/4/2016,9:00:00,9.53
10/4/2016,10:00:00,9.59
10/4/2016,11:00:00,9.72
10/4/2016,12:00:00,9.91
10/4/2016,13:00:00,10.1
10/4/2016,14:00:00,10.21
10/4/2016,15:00:00,10.44
10/4/2016,16:00:00,10.64
10/4/2016,17:00:00,10.75
10/4/2016,18:00:00,10.78
10/4/2016,19:00:00,10.74
10/4/2016,20:00:00,10.64
10/4/2016,21:00:00,10.48
10/4/2016,22:00:00,10.33
10/4/2016,23:00:00,10.2
10/5/2016,0:00:00,10.07
10/5/2016,1:00:00,9.96
10/5/2016,2:00:00,9.85
10/5/2016,3:00:00,9.73
10/5/2016,4:00:00,9.62
10/5/2016,5:00:00,9.55
10/5/2016,6:00:00,9.5
10/5/2016,7:00:00,9.44
10/5/2016,8:00:00,9.4
10/5/2016,9:00:00,9.38
10/5/2016,10:00:00,9.46
10/5/2016,11:00:00,9.63
10/5/2016,12:00:00,9.77
10/5/2016,13:00:00,10.1
10/5/2016,14:00:00,10.22
10/5/2016,15:00:00,10.39
10/5/2016,16:00:00,10.4
10/5/2016,17:00:00,10.43
10/5/2016,18:00:00,10.41
10/5/2016,19:00:00,10.37
10/5/2016,20:00:00,10.29
10/5/2016,21:00:00,10.3
10/5/2016,22:00:00,10.24
10/5/2016,23:00:00,10.16
10/6/2016,0:00:00,10.03
10/6/2016,1:00:00,9.86
10/6/2016,2:00:00,9.69
10/6/2016,3:00:00,9.54
10/6/2016,4:00:00,9.44
10/6/2016,5:00:00,9.35
10/6/2016,6:00:00,9.27
10/6/2016,7:00:00,9.22
10/6/2016,8:00:00,9.21
10/6/2016,9:00:00,9.26
10/6/2016,10:00:00,9.41
10/6/2016,11:00:00,9.58
10/6/2016,12:00:00,10.04
10/6/2016,13:00:00,10.41
10/6/2016,14:00:00,10.73
10/6/2016,15:00:00,10.98
10/6/2016,16:00:00,11.1
10/6/2016,17:00:00,11.21
10/6/2016,18:00:00,11.26
10/6/2016,19:00:00,11.25
10/6/2016,20:00:00,11.21
10/6/2016,21:00:00,11.09
10/6/2016,22:00:00,10.89
10/6/2016,23:00:00,10.65
10/7/2016,0:00:00,10.39
10/7/2016,1:00:00,10.19
10/7/2016,2:00:00,10.1
10/7/2016,3:00:00,10.09
10/7/2016,4:00:00,10.07
10/7/2016,5:00:00,10.04
10/7/2016,6:00:00,9.97
10/7/2016,7:00:00,9.87
10/7/2016,8:00:00,9.75
10/7/2016,9:00:00,9.71
10/7/2016,10:00:00,9.8
10/7/2016,11:00:00,9.89
10/7/2016,12:00:00,10.15
10/7/2016,13:00:00,10.3
10/7/2016,14:00:00,10.56
10/7/2016,15:00:00,10.96
10/7/2016,16:00:00,11.08
10/7/2016,17:00:00,11.29
10/7/2016,18:00:00,11.33
10/7/2016,19:00:00,11.33
10/7/2016,20:00:00,11.3
10/7/2016,21:00:00,11.16
10/7/2016,22:00:00,10.97
10/7/2016,23:00:00,10.73
10/8/2016,0:00:00,10.49
10/8/2016,1:00:00,10.29
10/8/2016,2:00:00,10.08
10/8/2016,3:00:00,9.86
10/8/2016,4:00:00,9.66
10/8/2016,5:00:00,9.49
10/8/2016,6:00:00,9.37
10/8/2016,7:00:00,9.25
10/8/2016,8:00:00,9.14
10/8/2016,9:00:00,9.13
10/8/2016,10:00:00,9.32
10/8/2016,11:00:00,9.74
10/8/2016,12:00:00,10.26
10/8/2016,13:00:00,10.85
10/8/2016,14:00:00,11.28
10/8/2016,15:00:00,11.62
10/8/2016,16:00:00,11.82
10/8/2016,17:00:00,11.88
10/8/2016,18:00:00,11.95
10/8/2016,19:00:00,11.95
10/8/2016,20:00:00,11.92
10/8/2016,21:00:00,11.89
10/8/2016,22:00:00,11.78
10/8/2016,23:00:00,11.56
10/9/2016,0:00:00,11.27
10/9/2016,1:00:00,10.96
10/9/2016,2:00:00,10.63
10/9/2016,3:00:00,10.32
10/9/2016,4:00:00,10.02
10/9/2016,5:00:00,9.78
10/9/2016,6:00:00,9.57
10/9/2016,7:00:00,9.37
10/9/2016,8:00:00,9.2
10/9/2016,9:00:00,9.05
10/9/2016,10:00:00,9.2
10/9/2016,11:00:00,9.6
10/9/2016,12:00:00,10.17
10/9/2016,13:00:00,10.79
10/9/2016,14:00:00,11.39
10/9/2016,15:00:00,11.54
10/9/2016,16:00:00,11.71
10/9/2016,17:00:00,11.77
10/9/2016,18:00:00,11.77
10/9/2016,19:00:00,11.75
10/9/2016,20:00:00,11.72
10/9/2016,21:00:00,11.75
10/9/2016,22:00:00,11.78
10/9/2016,23:00:00,11.76
10/10/2016,0:00:00,11.67
10/10/2016,1:00:00,11.49
10/10/2016,2:00:00,11.25
10/10/2016,3:00:00,10.97
10/10/2016,4:00:00,10.71
10/10/2016,5:00:00,10.47
10/10/2016,6:00:00,10.27
10/10/2016,7:00:00,10.1
10/10/2016,8:00:00,9.95
10/10/2016,9:00:00,9.85
10/10/2016,10:00:00,9.78
10/10/2016,11:00:00,9.76
10/10/2016,12:00:00,9.77
10/10/2016,13:00:00,9.85
10/10/2016,14:00:00,10.15
10/10/2016,15:00:00,10.47
10/10/2016,16:00:00,10.77
10/10/2016,17:00:00,10.91
10/10/2016,18:00:00,10.98
10/10/2016,19:00:00,10.97
10/10/2016,20:00:00,10.93
10/10/2016,21:00:00,10.85
10/10/2016,22:00:00,10.75
10/10/2016,23:00:00,10.7
10/11/2016,0:00:00,10.61
10/11/2016,1:00:00,10.51
10/11/2016,2:00:00,10.41
10/11/2016,3:00:00,10.26
10/11/2016,4:00:00,10.09
10/11/2016,5:00:00,9.89
10/11/2016,6:00:00,9.68
10/11/2016,7:00:00,9.49
10/11/2016,8:00:00,9.34
10/11/2016,9:00:00,9.26
10/11/2016,10:00:00,9.24
10/11/2016,11:00:00,9.29
10/11/2016,12:00:00,9.45
10/11/2016,13:00:00,9.76
10/11/2016,14:00:00,10.35
10/11/2016,15:00:00,10.64
10/11/2016,16:00:00,10.78
10/11/2016,17:00:00,10.71
10/11/2016,18:00:00,10.62
10/11/2016,19:00:00,10.53
10/11/2016,20:00:00,10.38
10/11/2016,21:00:00,10.19
10/11/2016,22:00:00,9.97
10/11/2016,23:00:00,9.77
10/12/2016,0:00:00,9.58
10/12/2016,1:00:00,9.38
10/12/2016,2:00:00,9.18
10/12/2016,3:00:00,9.02
10/12/2016,4:00:00,8.91
10/12/2016,5:00:00,8.8
10/12/2016,6:00:00,8.7
10/12/2016,7:00:00,8.59
10/12/2016,8:00:00,8.47
10/12/2016,9:00:00,8.43
10/12/2016,10:00:00,8.52
10/12/2016,11:00:00,8.89
10/12/2016,12:00:00,9.31
10/12/2016,13:00:00,9.87
10/12/2016,14:00:00,10.25
10/12/2016,15:00:00,10.59
10/12/2016,16:00:00,10.64
10/12/2016,17:00:00,10.59
10/12/2016,18:00:00,10.59
10/12/2016,19:00:00,10.53
10/12/2016,20:00:00,10.48
10/12/2016,21:00:00,10.42
10/12/2016,22:00:00,10.39
10/12/2016,23:00:00,10.39
10/13/2016,0:00:00,10.38
10/13/2016,1:00:00,10.36
10/13/2016,2:00:00,10.36
10/13/2016,3:00:00,10.37
10/13/2016,4:00:00,10.39
10/13/2016,5:00:00,10.4
10/13/2016,6:00:00,10.41
10/13/2016,7:00:00,10.38
10/13/2016,8:00:00,10.35
10/13/2016,9:00:00,10.35
10/13/2016,10:00:00,10.36
10/13/2016,11:00:00,10.39
10/13/2016,12:00:00,10.31
10/13/2016,13:00:00,10.27
10/13/2016,14:00:00,10.18
10/13/2016,15:00:00,10.07
10/13/2016,16:00:00,10.02
10/13/2016,17:00:00,9.92
10/13/2016,18:00:00,9.84
10/13/2016,19:00:00,9.78
10/13/2016,20:00:00,9.72
10/13/2016,21:00:00,9.67
10/13/2016,22:00:00,9.63
10/13/2016,23:00:00,9.59
10/14/2016,0:00:00,9.52
10/14/2016,1:00:00,9.44
10/14/2016,2:00:00,9.35
10/14/2016,3:00:00,9.25
10/14/2016,4:00:00,9.14
10/14/2016,5:00:00,9.04
10/14/2016,6:00:00,8.94
10/14/2016,7:00:00,8.86
10/14/2016,8:00:00,8.8
10/14/2016,9:00:00,8.75
10/14/2016,10:00:00,8.73
10/14/2016,11:00:00,8.76
10/14/2016,12:00:00,8.87
10/14/2016,13:00:00,9.02
10/14/2016,14:00:00,9.04
10/14/2016,15:00:00,9.11
10/14/2016,16:00:00,9.17
10/14/2016,17:00:00,9.21
10/14/2016,18:00:00,9.21
10/14/2016,19:00:00,9.18
10/14/2016,20:00:00,9.12
10/14/2016,21:00:00,9.06
10/14/2016,22:00:00,9.01
10/14/2016,23:00:00,8.96
10/15/2016,0:00:00,8.91
10/15/2016,1:00:00,8.85
10/15/2016,2:00:00,8.83
10/15/2016,3:00:00,8.79
10/15/2016,4:00:00,8.74
10/15/2016,5:00:00,8.74
10/15/2016,6:00:00,8.75
10/15/2016,7:00:00,8.75
10/15/2016,8:00:00,8.77
10/15/2016,9:00:00,8.79
10/15/2016,10:00:00,8.8
10/15/2016,11:00:00,8.82
10/15/2016,12:00:00,8.89
10/15/2016,13:00:00,8.95
10/15/2016,14:00:00,8.95
10/15/2016,15:00:00,8.96
10/15/2016,16:00:00,8.88
10/15/2016,17:00:00,8.9
10/15/2016,18:00:00,8.88
10/15/2016,19:00:00,8.81
10/15/2016,20:00:00,8.73
10/15/2016,21:00:00,8.64
10/15/2016,22:00:00,8.59
10/15/2016,23:00:00,8.51
10/16/2016,0:00:00,8.44
10/16/2016,1:00:00,8.35
10/16/2016,2:00:00,8.29
10/16/2016,3:00:00,8.24
10/16/2016,4:00:00,8.2
10/16/2016,5:00:00,8.13
10/16/2016,6:00:00,8.1
10/16/2016,7:00:00,8.05
10/16/2016,8:00:00,8.01
10/16/2016,9:00:00,7.96
10/16/2016,10:00:00,7.9
10/16/2016,11:00:00,7.87
10/16/2016,12:00:00,7.88
10/16/2016,13:00:00,7.93
10/16/2016,14:00:00,8
10/16/2016,15:00:00,8.08
10/16/2016,16:00:00,8.14
10/16/2016,17:00:00,8.14
10/16/2016,18:00:00,8.14
10/16/2016,19:00:00,8.09
10/16/2016,20:00:00,8.02
10/16/2016,21:00:00,7.95
10/16/2016,22:00:00,7.89
10/16/2016,23:00:00,7.85
10/17/2016,0:00:00,7.81
10/17/2016,1:00:00,7.72
10/17/2016,2:00:00,7.64
10/17/2016,3:00:00,7.6
10/17/2016,4:00:00,7.55
10/17/2016,5:00:00,7.5
10/17/2016,6:00:00,7.46
10/17/2016,7:00:00,7.39
10/17/2016,8:00:00,7.33
10/17/2016,9:00:00,7.32
10/17/2016,10:00:00,7.42
10/17/2016,11:00:00,7.55
10/17/2016,12:00:00,7.74
10/17/2016,13:00:00,8.2
10/17/2016,14:00:00,8.45
10/17/2016,15:00:00,8.56
10/17/2016,16:00:00,8.65
10/17/2016,17:00:00,8.69
10/17/2016,18:00:00,8.7
10/17/2016,19:00:00,8.66
10/17/2016,20:00:00,8.62
10/17/2016,21:00:00,8.56
10/17/2016,22:00:00,8.49
10/17/2016,23:00:00,8.42
10/18/2016,0:00:00,8.34
10/18/2016,1:00:00,8.26
10/18/2016,2:00:00,8.16
10/18/2016,3:00:00,8.05
10/18/2016,4:00:00,7.91
10/18/2016,5:00:00,7.77
10/18/2016,6:00:00,7.63
10/18/2016,7:00:00,7.54
10/18/2016,8:00:00,7.47
10/18/2016,9:00:00,7.44
10/18/2016,10:00:00,7.57
10/18/2016,11:00:00,7.76
10/18/2016,12:00:00,7.96
10/18/2016,13:00:00,8.12
10/18/2016,14:00:00,8.33
10/18/2016,15:00:00,8.55
10/18/2016,16:00:00,8.63
10/18/2016,17:00:00,8.6
10/18/2016,18:00:00,8.51
10/18/2016,19:00:00,8.38
10/18/2016,20:00:00,8.25
10/18/2016,21:00:00,8.08
10/18/2016,22:00:00,7.96
10/18/2016,23:00:00,7.9
10/19/2016,0:00:00,7.8
10/19/2016,1:00:00,7.63
10/19/2016,2:00:00,7.52
10/19/2016,3:00:00,7.43
10/19/2016,4:00:00,7.31
10/19/2016,5:00:00,7.21
10/19/2016,6:00:00,7.11
10/19/2016,7:00:00,7.01
10/19/2016,8:00:00,6.94
10/19/2016,9:00:00,6.91
10/19/2016,10:00:00,7.04
10/19/2016,11:00:00,7.21
10/19/2016,12:00:00,7.75
10/19/2016,13:00:00,8.25
10/19/2016,14:00:00,8.6
10/19/2016,15:00:00,8.68
10/19/2016,16:00:00,8.79
10/19/2016,17:00:00,8.88
10/19/2016,18:00:00,8.98
10/19/2016,19:00:00,9.01
10/19/2016,20:00:00,9
10/19/2016,21:00:00,9
10/19/2016,22:00:00,9.01
10/19/2016,23:00:00,8.99
10/20/2016,0:00:00,8.94
10/20/2016,1:00:00,8.92
10/20/2016,2:00:00,8.83
10/20/2016,3:00:00,8.74
10/20/2016,4:00:00,8.65
10/20/2016,5:00:00,8.55
10/20/2016,6:00:00,8.46
10/20/2016,7:00:00,8.38
10/20/2016,8:00:00,8.33
10/20/2016,9:00:00,8.31
10/20/2016,10:00:00,8.34
10/20/2016,11:00:00,8.41
10/20/2016,12:00:00,8.69
10/20/2016,13:00:00,8.84
10/20/2016,14:00:00,8.87
10/20/2016,15:00:00,8.97
10/20/2016,16:00:00,8.98
10/20/2016,17:00:00,8.96
10/20/2016,18:00:00,8.96
10/20/2016,19:00:00,8.91
10/20/2016,20:00:00,8.87
10/20/2016,21:00:00,8.83
10/20/2016,22:00:00,8.77
10/20/2016,23:00:00,8.7
10/21/2016,0:00:00,8.61
10/21/2016,1:00:00,8.52
10/21/2016,2:00:00,8.43
10/21/2016,3:00:00,8.32
10/21/2016,4:00:00,8.21
10/21/2016,5:00:00,8.14
10/21/2016,6:00:00,8.1
10/21/2016,7:00:00,8.04
10/21/2016,8:00:00,8.02
10/21/2016,9:00:00,8.01
10/21/2016,10:00:00,8.08
10/21/2016,11:00:00,8.24
10/21/2016,12:00:00,8.35
10/21/2016,13:00:00,8.43
10/21/2016,14:00:00,8.69
10/21/2016,15:00:00,8.73
10/21/2016,16:00:00,8.79
10/21/2016,17:00:00,8.84
10/21/2016,18:00:00,8.77
10/21/2016,19:00:00,8.73
10/21/2016,20:00:00,8.68
10/21/2016,21:00:00,8.58
10/21/2016,22:00:00,8.42
10/21/2016,23:00:00,8.23
10/22/2016,0:00:00,8.07
10/22/2016,1:00:00,7.9
10/22/2016,2:00:00,7.75
10/22/2016,3:00:00,7.6
10/22/2016,4:00:00,7.44
10/22/2016,5:00:00,7.3
10/22/2016,6:00:00,7.18
10/22/2016,7:00:00,7.06
10/22/2016,8:00:00,6.95
10/22/2016,9:00:00,6.85
10/22/2016,10:00:00,6.84
10/22/2016,11:00:00,6.92
10/22/2016,12:00:00,7.12
10/22/2016,13:00:00,7.42
10/22/2016,14:00:00,7.84
10/22/2016,15:00:00,7.99
10/22/2016,16:00:00,8.12
10/22/2016,17:00:00,8.23
10/22/2016,18:00:00,8.27
10/22/2016,19:00:00,8.24
10/22/2016,20:00:00,8.2
10/22/2016,21:00:00,8.15
10/22/2016,22:00:00,8.1
10/22/2016,23:00:00,8.06
10/23/2016,0:00:00,8.02
10/23/2016,1:00:00,7.95
10/23/2016,2:00:00,7.87
10/23/2016,3:00:00,7.78
10/23/2016,4:00:00,7.68
10/23/2016,5:00:00,7.58
10/23/2016,6:00:00,7.48
10/23/2016,7:00:00,7.39
10/23/2016,8:00:00,7.3
10/23/2016,9:00:00,7.26
10/23/2016,10:00:00,7.28
10/23/2016,11:00:00,7.4
10/23/2016,12:00:00,7.65
10/23/2016,13:00:00,7.88
